序号,微博内容,发布时间,转发数,评论数,点赞数,设备源,微博ID,flag,dataID,dcID
12,#阿坝依然美丽#国旗在藏区上空飘扬 ?????? ????????, 9月28日 11:22,1,1,15,iPhone 6s,FnSAsd2Ov,-1,12,1
13,#阿坝这五年# #马尔康锅庄节#, 9月28日 08:59,1,1,2,iPhone 6s,FnREtgOfw,-1,13,2
17,#阿坝这五年# //@光影相随:回复@叫我悅人 的赞:, 9月27日 16:03,2,评论,7,iPhone 6s,FnKZYsHUQ,-1,17,3
20,#阿坝这五年#, 9月27日 11:34,2,1,9,iPhone 6s,FnJeZ75dk,-1,20,4
21,#阿坝这五年#, 9月27日 11:34,3,评论,12,iPhone 6s,FnJeU5ot8,-1,21,5
22,#阿坝这五年#, 9月27日 11:34,2,评论,11,iPhone 6s,FnJeLeB8N,-1,22,6
23,#阿坝这五年#, 9月27日 11:34,2,评论,8,iPhone 6s,FnJeHnO6X,-1,23,7
24,#阿坝这五年#, 9月27日 11:33,转发,评论,23,iPhone 6s,FnJeB9Wel,-1,24,8
25,#阿坝这五年#, 9月27日 11:33,1,评论,7,iPhone 6s,FnJeyeLdV,-1,25,9
26,#阿坝这五年#, 9月27日 11:33,1,评论,8,iPhone 6s,FnJeroHo5,-1,26,10
27,#阿坝这五年#, 9月27日 11:33,1,评论,5,iPhone 6s,FnJej905Y,-1,27,11
28,#阿坝这五年#, 9月27日 11:32,1,评论,6,iPhone 6s,FnJefjZKE,-1,28,12
29,#阿坝这五年#, 9月27日 11:32,转发,评论,9,iPhone 6s,FnJec6uKA,-1,29,13
30,#阿坝这五年#, 9月27日 11:32,转发,评论,6,iPhone 6s,FnJe8v0f6,-1,30,14
31,#阿坝这五年#, 9月27日 11:32,2,评论,19,iPhone 6s,FnJe46Mog,-1,31,15
32,#阿坝这五年#, 9月27日 11:32,4,评论,10,iPhone 6s,FnJdXBBPa,-1,32,16
33,#阿坝这五年#, 9月27日 11:32,转发,评论,6,iPhone 6s,FnJdUiPXZ,-1,33,17
34,#阿坝这五年#, 9月27日 11:31,转发,评论,21,iPhone 6s,FnJdCDkh4,-1,34,18
35,#阿坝这五年#, 9月27日 11:31,1,评论,22,iPhone 6s,FnJdzjUwU,-1,35,19
60,#你为何选择或不选四川#说走就走的旅行在这里——天府四川·熊猫故乡O网页链接 ????????, 9月20日 10:32,转发,评论,赞,微博 weibo.com,FmEQjdpYs,-1,60,20
87,#你为何选择四川或不选四川#天赋四川·熊猫故乡 O网页链接 ????????, 9月15日 11:01,转发,评论,1,iPhone 6s,FlTTFierp,-1,87,21
125,#美丽阿坝·处处是景点#, 9月8日 17:55,4,评论,116,iPhone 6s,FkSBYo4XP,-1,125,22
126,#美丽阿坝·处处是景点#, 9月8日 17:55,转发,1,110,iPhone 6s,FkSBUybHq,-1,126,23
127,#美丽阿坝·处处是景点#, 9月8日 17:54,1,评论,118,iPhone 6s,FkSBRgIJb,-1,127,24
128,#美丽阿坝·处处是景点#, 9月8日 17:54,转发,评论,111,iPhone 6s,FkSBNdstL,-1,128,25
129,#美丽阿坝·处处是景点#, 9月8日 17:54,转发,评论,1,iPhone 6s,FkSByEQ8C,-1,129,26
130,#美丽阿坝·处处是景点#, 9月8日 17:53,转发,评论,5,iPhone 6s,FkSBabR43,-1,130,27
131,#美丽阿坝·处处是景点#, 9月5日 22:48,1,1,22,iPhone 6s,FksfjkVR6,-1,131,28
132,#美丽阿坝·处处是景点#, 9月5日 22:47,1,评论,5,iPhone 6s,FkseZyKRS,-1,132,29
133,#美丽阿坝·处处是景点#, 9月5日 22:47,1,评论,4,iPhone 6s,FkseVq3oN,-1,133,30
134,#美丽阿坝·处处是景点#, 9月5日 08:28,转发,评论,5,iPhone 6s,FkmCvaUSA,-1,134,31
220,发布了头条文章：《【荐读】九寨依然美丽（一）》 °【荐读】九寨依然美丽（一） ????????, 8月13日 21:06,2,1,12,微博 weibo.com,FgWKCDfGU,-1,220,32
221,发布了头条文章：《微笑守护》 °微笑守护 ????????, 8月13日 18:39,2,评论,10,微博 weibo.com,FgVNd1tpX,-1,221,33
231,@人民日报 @央视新闻 @新浪四川 @四川日报, 8月12日 22:48,5,1,64,iPhone 6s,FgNZtufZB,-1,231,34
244,发布了头条文章：《【细致认真做好群众工作 科学规划景区恢复重建】》 °【细致认真做好群众工作 科学规划景区恢复重... ????????, 8月12日 12:21,1,评论,3,微博 weibo.com,FgJSVyIvq,-1,244,35
275,【阿坝州公安机关依法查处一起借“九寨沟地震灾情”欺诈游客钱财的案件】O网页链接 ????????, 8月10日 22:38,1,评论,12,iPhone 6s,Fgv4qAKYn,-1,275,36
276,【辟谣！九寨沟长海溃坝为谣言】O网页链接 ????????, 8月10日 21:45,2,评论,2,iPhone 6s,FguJ0mDcx,-1,276,37
283,#路况# 国道213线茂县石大关旧关楼坍方处抢通，但目前不准社会车辆通行！ ????????, 8月10日 17:01,2,2,4,iPhone 6s,FgsRJkRbN,-1,283,38
357,#九寨沟7.0级地震#, 8月8日 23:42,4,评论,14,iPhone 6s,FgcDDv3Jj,-1,357,39
358,#九寨沟7.0级地震#, 8月8日 23:42,1,1,20,iPhone 6s,FgcDz51ZV,-1,358,40
359,#九寨沟7.0级地震#, 8月8日 23:42,2,评论,29,iPhone 6s,FgcDqtMou,-1,359,41
360,此图不是九寨沟地震现场，请大家不要信谣传谣。 ????????, 8月8日 23:40,6,5,29,iPhone 6s,FgcCCzBv0,-1,360,42
﻿序号,微博内容,发布时间,转发数,评论数,点赞数,设备源,微博ID,flag,dataID,dcID
1529,#晚安成都#要坚信。 ??????据@思想聚焦 ????????, 8月11日 23:31,9,9,70,iPhone 6s,FgEQxwKwj,-1,2062,43
﻿序号,微博内容,发布时间,转发数,评论数,点赞数,设备源,微博ID,flag,dataID,dcID
71,转发微博, 9月29日 16:50,转发,评论,赞,360安全浏览器,Fo4a9cBJq,-1,3483,44
72,转发微博, 9月29日 14:53,转发,评论,赞,360安全浏览器,Fo3oy9pC9,-1,3484,45
73,转发微博, 9月29日 14:49,转发,2,赞,360安全浏览器,Fo3mZd81M,-1,3485,46
74,转发微博, 9月29日 14:48,2,评论,3,360安全浏览器,Fo3mqm5NV,-1,3486,47
75,转发微博, 9月29日 11:17,转发,1,赞,360安全浏览器,Fo1Z17e6C,-1,3487,48
76,转发微博, 9月29日 11:17,转发,评论,赞,360安全浏览器,Fo1YZ2Com,-1,3488,49
77,转发微博, 9月29日 11:17,转发,评论,1,360安全浏览器,Fo1YWFUc4,-1,3489,50
78,转发微博, 9月29日 11:17,转发,评论,赞,360安全浏览器,Fo1YVexGE,-1,3490,51
79,转发微博, 9月29日 11:17,转发,评论,赞,360安全浏览器,Fo1YTajYJ,-1,3491,52
80,转发微博, 9月29日 09:45,转发,1,赞,360安全浏览器,Fo1nAkO8A,-1,3492,53
81,转发微博, 9月29日 09:44,转发,评论,赞,360安全浏览器,Fo1nk2jPf,-1,3493,54
82,转发微博, 9月29日 09:44,1,评论,赞,360安全浏览器,Fo1niz68b,-1,3494,55
83,转发微博, 9月29日 09:44,1,评论,赞,360安全浏览器,Fo1nguUE9,-1,3495,56
84,转发微博, 9月29日 09:44,转发,评论,赞,360安全浏览器,Fo1ndw0kv,-1,3496,57
85,转发微博, 9月29日 09:44,转发,1,赞,360安全浏览器,Fo1nc6FQ1,-1,3497,58
86,转发微博, 9月29日 09:44,转发,评论,赞,360安全浏览器,Fo1n9nOZr,-1,3498,59
87,转发微博, 9月29日 09:44,转发,评论,赞,360安全浏览器,Fo1n0jju3,-1,3499,60
88,转发微博, 9月29日 09:43,转发,评论,赞,360安全浏览器,Fo1mYa7zr,-1,3500,61
89,转发微博, 9月29日 09:40,1,评论,赞,360安全浏览器,Fo1lnb9bb,-1,3501,62
90,转发微博, 9月29日 09:38,1,评论,赞,360安全浏览器,Fo1kSsYKR,-1,3502,63
91,转发微博, 9月29日 09:38,1,评论,赞,360安全浏览器,Fo1kPtC1H,-1,3503,64
92,转发微博, 9月29日 09:36,转发,2,1,360安全浏览器,Fo1jO2vgR,-1,3504,65
93,转发微博, 9月29日 09:35,转发,评论,1,360安全浏览器,Fo1jKrB7f,-1,3505,66
94,转发微博, 9月29日 09:35,转发,评论,1,360安全浏览器,Fo1jI2RWy,-1,3506,67
95,转发微博, 9月29日 09:35,转发,评论,1,360安全浏览器,Fo1jGgnCB,-1,3507,68
108,转发微博, 9月28日 15:39,转发,评论,赞,360安全浏览器,FnUgWhOmq,-1,3520,69
109,转发微博, 9月28日 15:39,转发,评论,1,360安全浏览器,FnUgUdzyK,-1,3521,70
110,转发微博, 9月28日 15:39,转发,评论,赞,360安全浏览器,FnUgSrRBM,-1,3522,71
111,转发微博, 9月28日 15:39,转发,评论,赞,360安全浏览器,FnUgGnurR,-1,3523,72
112,转发微博, 9月28日 15:39,转发,评论,赞,360安全浏览器,FnUgExIaZ,-1,3524,73
113,转发微博, 9月28日 15:39,转发,评论,赞,360安全浏览器,FnUgBAaRz,-1,3525,74
114,转发微博, 9月28日 15:38,转发,评论,赞,360安全浏览器,FnUgyk0fa,-1,3526,75
115,转发微博, 9月28日 15:38,转发,评论,赞,360安全浏览器,FnUgvmFz6,-1,3527,76
116,转发微博, 9月28日 15:38,转发,评论,2,360安全浏览器,FnUgt56ko,-1,3528,77
117,转发微博, 9月28日 15:38,转发,评论,赞,360安全浏览器,FnUgqFG7o,-1,3529,78
118,转发微博, 9月28日 15:38,转发,评论,赞,360安全浏览器,FnUgoCyZT,-1,3530,79
120,转发微博, 9月28日 10:07,转发,1,1,360安全浏览器,FnS68C718,-1,3532,80
121,转发微博, 9月28日 10:06,转发,评论,赞,360安全浏览器,FnS5P7YtF,-1,3533,81
122,转发微博, 9月28日 10:06,1,评论,赞,360安全浏览器,FnS5sBaxa,-1,3534,82
123,转发微博, 9月28日 10:06,转发,评论,赞,360安全浏览器,FnS5rrT4w,-1,3535,83
124,转发微博, 9月28日 10:04,转发,评论,赞,360安全浏览器,FnS4Kk4HM,-1,3536,84
125,转发微博, 9月28日 10:03,转发,1,4,360安全浏览器,FnS4sk80V,-1,3537,85
126,转发微博, 9月28日 10:03,转发,评论,2,360安全浏览器,FnS4o7TG6,-1,3538,86
127,转发微博, 9月28日 10:03,转发,评论,赞,360安全浏览器,FnS4kyVls,-1,3539,87
128,转发微博, 9月28日 09:50,转发,评论,赞,360安全浏览器,FnRZakHd1,-1,3540,88
129,转发微博, 9月28日 09:38,转发,评论,1,360安全浏览器,FnRUcm788,-1,3541,89
130,转发微博, 9月28日 09:37,转发,评论,1,360安全浏览器,FnRU3eTLX,-1,3542,90
160,转发微博, 9月27日 12:04,转发,评论,赞,360安全浏览器,FnJr79liU,-1,3572,91
161,转发微博, 9月27日 12:04,转发,评论,赞,360安全浏览器,FnJr4tlyJ,-1,3573,92
162,转发微博, 9月27日 12:04,转发,评论,赞,360安全浏览器,FnJr322qw,-1,3574,93
163,转发微博, 9月27日 12:04,转发,1,赞,360安全浏览器,FnJqZrFxC,-1,3575,94
164,转发微博, 9月27日 12:04,转发,评论,1,360安全浏览器,FnJqU8mfe,-1,3576,95
165,转发微博, 9月27日 12:03,转发,评论,1,360安全浏览器,FnJqPpvHq,-1,3577,96
166,转发微博, 9月27日 12:03,转发,评论,赞,360安全浏览器,FnJqNE1VT,-1,3578,97
167,转发微博, 9月27日 12:03,1,评论,赞,360安全浏览器,FnJqLAzvE,-1,3579,98
168,转发微博, 9月27日 12:03,转发,评论,1,360安全浏览器,FnJqJvDuT,-1,3580,99
169,转发微博, 9月27日 12:03,转发,评论,3,360安全浏览器,FnJqGiBcv,-1,3581,100
170,转发微博, 9月27日 12:01,1,评论,3,360安全浏览器,FnJpLcfDM,-1,3582,101
171,转发微博, 9月27日 12:00,转发,评论,3,360安全浏览器,FnJpxCC2Q,-1,3583,102
172,转发微博, 9月27日 12:00,转发,评论,赞,360安全浏览器,FnJpr86kc,-1,3584,103
173,转发微博, 9月27日 12:00,转发,评论,赞,360安全浏览器,FnJppnahe,-1,3585,104
174,转发微博, 9月27日 12:00,转发,评论,赞,360安全浏览器,FnJpeo0hc,-1,3586,105
175,转发微博, 9月27日 11:59,转发,评论,赞,360安全浏览器,FnJp1oPBm,-1,3587,106
176,转发微博, 9月27日 11:57,转发,评论,赞,360安全浏览器,FnJo0s8cj,-1,3588,107
177,转发微博, 9月27日 11:54,转发,评论,赞,360安全浏览器,FnJmV8pUy,-1,3589,108
178,转发微博, 9月27日 11:54,转发,评论,赞,360安全浏览器,FnJmR02QO,-1,3590,109
191,转发微博, 9月26日 16:49,1,评论,1,360安全浏览器,FnBSfcl0R,-1,3603,110
192,转发微博, 9月26日 16:49,1,评论,赞,360安全浏览器,FnBScyutv,-1,3604,111
193,转发微博, 9月26日 16:49,转发,评论,赞,360安全浏览器,FnBSawueJ,-1,3605,112
194,转发微博, 9月26日 16:49,转发,评论,赞,360安全浏览器,FnBS8qOsz,-1,3606,113
195,转发微博, 9月26日 15:16,3,1,2,360安全浏览器,FnBgA01ah,-1,3607,114
196,转发微博, 9月26日 15:16,1,1,赞,360安全浏览器,FnBgop2Qb,-1,3608,115
197,转发微博, 9月26日 15:15,1,评论,赞,360安全浏览器,FnBgfAAbr,-1,3609,116
199,转发微博, 9月26日 14:06,2,评论,22,360安全浏览器,FnANWjo9u,-1,3611,117
200,转发微博, 9月26日 14:06,2,评论,50,360安全浏览器,FnANTpEkS,-1,3612,118
201,转发微博, 9月26日 14:05,3,评论,22,360安全浏览器,FnANHyiRx,-1,3613,119
202,转发微博, 9月26日 14:05,1,评论,40,360安全浏览器,FnANAsoIs,-1,3614,120
203,转发微博, 9月26日 14:05,7,1,12,360安全浏览器,FnANxuUqw,-1,3615,121
204,转发微博, 9月26日 14:04,1,评论,8,360安全浏览器,FnANgEl42,-1,3616,122
205,转发微博, 9月26日 14:04,1,评论,13,360安全浏览器,FnANeivjx,-1,3617,123
206,转发微博, 9月26日 14:04,1,评论,16,360安全浏览器,FnAN7vZ2i,-1,3618,124
207,转发微博, 9月26日 14:04,转发,6,24,360安全浏览器,FnAN33Ca7,-1,3619,125
208,转发微博, 9月26日 14:03,3,1,36,360安全浏览器,FnAMWyFIZ,-1,3620,126
209,转发微博, 9月26日 14:03,转发,评论,34,360安全浏览器,FnAMRgsci,-1,3621,127
210,转发微博, 9月26日 14:02,转发,评论,赞,360安全浏览器,FnAMudezy,-1,3622,128
211,转发微博, 9月26日 14:02,转发,评论,赞,360安全浏览器,FnAMs8bnz,-1,3623,129
212,转发微博, 9月26日 14:02,转发,1,2,360安全浏览器,FnAMq45vL,-1,3624,130
213,转发微博, 9月26日 14:02,1,1,2,360安全浏览器,FnAMjy8S9,-1,3625,131
214,转发微博, 9月26日 14:01,转发,评论,赞,360安全浏览器,FnAM2rsd9,-1,3626,132
215,转发微博, 9月26日 14:01,转发,评论,赞,360安全浏览器,FnALWeLbt,-1,3627,133
217,转发微博, 9月26日 11:20,2,5,赞,360安全浏览器,FnzINt4CD,-1,3629,134
218,转发微博, 9月26日 11:20,转发,2,赞,360安全浏览器,FnzIKdfAq,-1,3630,135
219,转发微博, 9月26日 11:20,转发,评论,赞,360安全浏览器,FnzIIpxN1,-1,3631,136
220,转发微博, 9月26日 10:07,1,评论,1,360安全浏览器,Fnzf49yN6,-1,3632,137
221,转发微博, 9月26日 10:07,转发,1,1,360安全浏览器,Fnzf2nJW1,-1,3633,138
222,转发微博, 9月26日 10:07,转发,评论,赞,360安全浏览器,FnzeWwdRr,-1,3634,139
223,转发微博, 9月26日 10:04,转发,评论,赞,360安全浏览器,Fnze1tckK,-1,3635,140
224,转发微博, 9月26日 10:04,转发,评论,1,360安全浏览器,FnzdZnVKW,-1,3636,141
225,转发微博, 9月26日 10:04,转发,评论,赞,360安全浏览器,FnzdWoO9P,-1,3637,142
246,转发微博, 9月25日 16:06,2,2,4,360安全浏览器,Fnsa4E73p,-1,3658,143
247,转发微博, 9月25日 16:05,1,评论,4,360安全浏览器,Fnsa2mMip,-1,3659,144
248,转发微博, 9月25日 16:05,2,评论,4,360安全浏览器,Fns9Ydw8I,-1,3660,145
249,转发微博, 9月25日 14:45,3,评论,1,360安全浏览器,FnrDgdsqh,-1,3661,146
250,转发微博, 9月25日 11:54,2,1,2,360安全浏览器,Fnqw4ikO5,-1,3662,147
252,转发微博, 9月25日 10:52,转发,评论,赞,360安全浏览器,Fnq6KltmW,-1,3664,148
253,转发微博, 9月25日 10:52,转发,评论,赞,360安全浏览器,Fnq6F0uVf,-1,3665,149
254,转发微博, 9月25日 10:51,1,评论,赞,360安全浏览器,Fnq6p3ifc,-1,3666,150
256,转发微博, 9月25日 09:28,转发,2,2,360安全浏览器,FnpyOpomN,-1,3668,151
257,转发微博, 9月25日 09:28,转发,评论,赞,360安全浏览器,FnpyLrVwy,-1,3669,152
258,转发微博, 9月25日 09:28,1,评论,赞,360安全浏览器,FnpyIgrcY,-1,3670,153
259,转发微博, 9月25日 09:28,1,评论,赞,360安全浏览器,FnpyFfmrd,-1,3671,154
260,转发微博, 9月25日 09:28,转发,评论,赞,360安全浏览器,FnpyDwnoh,-1,3672,155
261,转发微博, 9月25日 09:28,转发,评论,赞,360安全浏览器,FnpyB9yjB,-1,3673,156
263,转发微博, 9月25日 09:26,1,评论,赞,360安全浏览器,Fnpy7hRm0,-1,3675,157
264,转发微博, 9月25日 09:26,转发,评论,1,360安全浏览器,Fnpy44MQY,-1,3676,158
265,转发微博, 9月25日 09:26,转发,评论,赞,360安全浏览器,Fnpy16kRW,-1,3677,159
266,转发微博, 9月25日 09:26,1,评论,1,360安全浏览器,FnpxYrn9w,-1,3678,160
267,转发微博, 9月25日 09:26,转发,2,赞,360安全浏览器,FnpxPhazD,-1,3679,161
268,转发微博, 9月25日 09:26,转发,评论,2,360安全浏览器,FnpxNb1iH,-1,3680,162
269,转发微博, 9月25日 09:25,转发,评论,赞,360安全浏览器,FnpxGFtGz,-1,3681,163
270,转发微博, 9月25日 09:25,转发,评论,2,360安全浏览器,FnpxEEMnp,-1,3682,164
271,转发微博, 9月25日 09:25,转发,评论,赞,360安全浏览器,Fnpxsf0oI,-1,3683,165
272,转发微博, 9月25日 09:25,转发,评论,赞,360安全浏览器,Fnpxo6zAU,-1,3684,166
273,转发微博, 9月25日 09:25,转发,评论,赞,360安全浏览器,FnpxkzcIh,-1,3685,167
290,转发微博, 9月24日 09:44,转发,评论,赞,iPhone 6 Plus,FngeOlOG9,-1,3702,168
291,转发微博, 9月24日 09:43,转发,评论,1,iPhone 6 Plus,Fngeoj1V2,-1,3703,169
292,转发微博, 9月24日 09:43,转发,评论,1,iPhone 6 Plus,Fngee2ezM,-1,3704,170
293,转发微博, 9月24日 09:42,转发,评论,5,iPhone 6 Plus,Fnge2djb2,-1,3705,171
294,转发微博, 9月24日 09:42,转发,评论,7,iPhone 6 Plus,FngdXbAYV,-1,3706,172
295,转发微博, 9月24日 09:42,转发,评论,2,iPhone 6 Plus,FngdUco2p,-1,3707,173
296,转发微博, 9月24日 09:42,转发,评论,1,iPhone 6 Plus,FngdSaWZ7,-1,3708,174
297,转发微博, 9月24日 09:42,转发,评论,10,iPhone 6 Plus,FngdQlzDB,-1,3709,175
298,转发微博, 9月24日 09:42,转发,评论,赞,iPhone 6 Plus,FngdIp6T0,-1,3710,176
299,转发微博, 9月24日 09:41,转发,评论,1,iPhone 6 Plus,FngdCaP4u,-1,3711,177
300,转发微博, 9月24日 09:41,转发,评论,赞,iPhone 6 Plus,FngdB2Eyj,-1,3712,178
301,转发微博, 9月24日 09:41,转发,评论,3,iPhone 6 Plus,Fngdzu7fk,-1,3713,179
302,转发微博, 9月24日 09:41,转发,评论,赞,iPhone 6 Plus,FngdyjcRN,-1,3714,180
303,转发微博, 9月24日 09:41,转发,评论,2,iPhone 6 Plus,Fngdwxoxm,-1,3715,181
304,转发微博, 9月24日 09:41,转发,评论,1,iPhone 6 Plus,Fngdv65Z3,-1,3716,182
305,转发微博, 9月24日 09:41,转发,评论,赞,iPhone 6 Plus,Fngdtjn6F,-1,3717,183
306,转发微博, 9月24日 09:41,转发,评论,赞,iPhone 6 Plus,Fngdsa5gj,-1,3718,184
307,转发微博, 9月24日 09:41,转发,评论,赞,iPhone 6 Plus,FngdpaWAn,-1,3719,185
308,转发微博, 9月24日 09:41,转发,评论,赞,iPhone 6 Plus,FngdnpzA1,-1,3720,186
346,转发微博, 9月22日 22:10,转发,评论,1,iPhone 6 Plus,Fn2gnDPJI,-1,3758,187
356,转发微博, 9月22日 16:50,2,4,1,360安全浏览器,Fn0aChqGi,-1,3768,188
357,转发微博, 9月22日 16:49,转发,评论,赞,360安全浏览器,Fn0a9k9Uk,-1,3769,189
358,转发微博, 9月22日 16:49,转发,评论,1,360安全浏览器,Fn0a7xxLJ,-1,3770,190
359,转发微博, 9月22日 16:49,转发,评论,1,360安全浏览器,Fn0a5vwLi,-1,3771,191
360,转发微博, 9月22日 16:49,转发,评论,1,360安全浏览器,Fn0a40JZm,-1,3772,192
361,转发微博, 9月22日 16:48,转发,评论,1,360安全浏览器,Fn09YoVwz,-1,3773,193
366,转发微博, 9月22日 15:23,4,评论,33,360安全浏览器,FmZBl5Nft,-1,3778,194
367,转发微博, 9月22日 15:23,转发,评论,10,360安全浏览器,FmZBglFnQ,-1,3779,195
368,转发微博, 9月22日 15:23,3,评论,37,360安全浏览器,FmZB8F84e,-1,3780,196
369,转发微博, 9月22日 15:22,转发,评论,22,360安全浏览器,FmZB56Wer,-1,3781,197
370,转发微博, 9月22日 15:22,转发,评论,17,360安全浏览器,FmZB2aQxd,-1,3782,198
371,转发微博, 9月22日 15:22,2,评论,52,360安全浏览器,FmZAVkXjr,-1,3783,199
372,转发微博, 9月22日 15:22,转发,1,21,360安全浏览器,FmZARvp4y,-1,3784,200
373,转发微博, 9月22日 14:32,转发,1,2,360安全浏览器,FmZgFe77j,-1,3785,201
374,转发微博, 9月22日 14:32,转发,评论,赞,360安全浏览器,FmZgAaLVb,-1,3786,202
375,转发微博, 9月22日 14:32,转发,1,赞,360安全浏览器,FmZgrkWxB,-1,3787,203
376,转发微博, 9月22日 14:31,转发,评论,赞,360安全浏览器,FmZgnw6nd,-1,3788,204
377,转发微博, 9月22日 14:31,1,1,赞,360安全浏览器,FmZg6FpWq,-1,3789,205
378,转发微博, 9月22日 14:31,转发,评论,赞,360安全浏览器,FmZg3pvr0,-1,3790,206
379,转发微博, 9月22日 14:30,转发,评论,赞,360安全浏览器,FmZg11TqS,-1,3791,207
381,转发微博, 9月22日 10:03,转发,1,赞,360安全浏览器,FmXvteyBd,-1,3793,208
382,转发微博, 9月22日 10:03,转发,评论,3,360安全浏览器,FmXvqxEXI,-1,3794,209
383,转发微博, 9月22日 09:54,转发,评论,赞,360安全浏览器,FmXrSq4Q5,-1,3795,210
384,转发微博, 9月22日 09:54,转发,评论,7,360安全浏览器,FmXrQ1FjB,-1,3796,211
385,转发微博, 9月22日 09:54,转发,评论,赞,360安全浏览器,FmXrJv1pW,-1,3797,212
386,转发微博, 9月22日 09:54,1,1,1,360安全浏览器,FmXrHuvxE,-1,3798,213
387,转发微博, 9月22日 09:54,转发,评论,赞,360安全浏览器,FmXrEcMNt,-1,3799,214
388,转发微博, 9月22日 09:53,转发,评论,3,360安全浏览器,FmXrud6tY,-1,3800,215
389,转发微博, 9月22日 09:51,转发,评论,赞,360安全浏览器,FmXqvgNkw,-1,3801,216
390,转发微博, 9月22日 09:50,转发,评论,赞,360安全浏览器,FmXqjvRH4,-1,3802,217
391,转发微博, 9月22日 09:50,转发,评论,赞,360安全浏览器,FmXqi2gcu,-1,3803,218
405,//@双流交警: 奔走相告, 9月21日 16:44,1,1,10,360安全浏览器,FmQHKhAG5,-1,3817,219
406,转发微博, 9月21日 16:43,2,1,1,360安全浏览器,FmQH9nIG7,-1,3818,220
407,转发微博, 9月21日 14:28,2,2,赞,360安全浏览器,FmPOs0YAy,-1,3819,221
408,转发微博, 9月21日 14:27,1,2,赞,360安全浏览器,FmPO69JE6,-1,3820,222
409,转发微博, 9月21日 14:26,转发,评论,赞,360安全浏览器,FmPNHkWMA,-1,3821,223
410,转发微博, 9月21日 14:23,1,评论,赞,360安全浏览器,FmPMD8qc5,-1,3822,224
411,转发微博, 9月21日 14:22,1,1,赞,360安全浏览器,FmPLYCIpg,-1,3823,225
412,转发微博, 9月21日 14:22,转发,评论,2,360安全浏览器,FmPLVnxIP,-1,3824,226
413,转发微博, 9月21日 14:21,转发,评论,赞,360安全浏览器,FmPLG2SRu,-1,3825,227
414,转发微博, 9月21日 10:45,2,评论,赞,360安全浏览器,FmOlYDzUO,-1,3826,228
415,转发微博, 9月21日 10:45,转发,评论,赞,360安全浏览器,FmOlUg3HL,-1,3827,229
416,转发微博, 9月21日 10:45,转发,评论,1,360安全浏览器,FmOlPvVOn,-1,3828,230
429,转发微博, 9月20日 16:49,1,1,赞,360安全浏览器,FmHjeDhSX,-1,3841,231
430,转发微博, 9月20日 16:49,2,评论,赞,360安全浏览器,FmHjawvpy,-1,3842,232
431,关于9月21日至22日（青白江--新津）大件运输交通出行提示　　由东方电气集团大件物流公司承运的大型设备2件，将于9月21日上午9:00时从德阳东方汽轮机厂起运，途经我市运至乐山大件码头。根据此次大件的运输线路（绕城以内）及路面运行要求，交管部门将提前拆除或挪移妨碍大件车队通过的信号灯杆、电子 ????????...展开全文c, 9月20日 15:53,3,6,2,专业版微博,FmGWItAbX,-1,3843,233
432,转发微博, 9月20日 15:52,1,评论,1,360安全浏览器,FmGVW2toK,-1,3844,234
433,转发微博, 9月20日 15:51,转发,评论,赞,360安全浏览器,FmGVJ2GEu,-1,3845,235
434,转发微博, 9月20日 15:51,转发,评论,赞,360安全浏览器,FmGVEyjdX,-1,3846,236
435,转发微博, 9月20日 15:51,转发,评论,1,360安全浏览器,FmGVAsU0Z,-1,3847,237
436,转发微博, 9月20日 11:50,转发,1,1,360安全浏览器,FmFlO8cHV,-1,3848,238
437,转发微博, 9月20日 11:48,3,4,29,360安全浏览器,FmFl6nEdy,-1,3849,239
438,转发微博, 9月20日 11:45,1,1,10,360安全浏览器,FmFjPdUDB,-1,3850,240
439,转发微博, 9月20日 11:45,2,1,13,360安全浏览器,FmFjLmZIK,-1,3851,241
440,转发微博, 9月20日 11:42,2,评论,27,360安全浏览器,FmFiJdTb7,-1,3852,242
441,转发微博, 9月20日 11:42,转发,1,14,360安全浏览器,FmFiDzJt3,-1,3853,243
442,转发微博, 9月20日 11:42,5,评论,21,360安全浏览器,FmFiByglG,-1,3854,244
443,转发微博, 9月20日 11:26,1,1,赞,360安全浏览器,FmFbYuOCL,-1,3855,245
445,转发微博, 9月20日 09:57,转发,评论,赞,360安全浏览器,FmEBTklk1,-1,3857,246
446,转发微博, 9月20日 09:57,转发,评论,赞,360安全浏览器,FmEBRAe9g,-1,3858,247
447,转发微博, 9月20日 09:57,转发,评论,赞,360安全浏览器,FmEBPd9BT,-1,3859,248
448,转发微博, 9月20日 09:56,转发,评论,赞,360安全浏览器,FmEBGlY4Q,-1,3860,249
449,转发微博, 9月20日 09:56,转发,评论,赞,360安全浏览器,FmEBDokCs,-1,3861,250
450,转发微博, 9月20日 09:16,1,评论,1,360安全浏览器,FmElsvLot,-1,3862,251
451,转发微博, 9月20日 09:16,转发,1,赞,360安全浏览器,FmElqrxCl,-1,3863,252
452,转发微博, 9月20日 09:16,转发,评论,赞,360安全浏览器,FmElokXuU,-1,3864,253
453,转发微博, 9月20日 09:16,转发,评论,赞,360安全浏览器,FmElirwCc,-1,3865,254
454,转发微博, 9月20日 09:16,转发,2,赞,360安全浏览器,FmElehALy,-1,3866,255
455,转发微博, 9月20日 09:16,转发,评论,2,360安全浏览器,FmElbnz1z,-1,3867,256
466,转发微博, 9月19日 09:15,1,3,赞,360安全浏览器,FmuUgudgh,-1,3878,257
467,转发微博, 9月19日 09:13,转发,评论,3,360安全浏览器,FmuTEocX4,-1,3879,258
468,转发微博, 9月19日 09:13,3,1,3,360安全浏览器,FmuTybESR,-1,3880,259
469,转发微博, 9月19日 09:12,转发,评论,1,360安全浏览器,FmuToaKyI,-1,3881,260
470,转发微博, 9月19日 09:12,转发,评论,赞,360安全浏览器,FmuTm6zeT,-1,3882,261
471,转发微博, 9月19日 09:08,转发,评论,赞,360安全浏览器,FmuREhayw,-1,3883,262
483,转发微博, 9月18日 16:31,转发,1,赞,360安全浏览器,FmokVEsMv,-1,3895,263
484,转发微博, 9月18日 16:31,1,1,赞,360安全浏览器,FmokUcLd3,-1,3896,264
485,转发微博, 9月18日 16:31,转发,评论,赞,360安全浏览器,FmokSa3je,-1,3897,265
486,转发微博, 9月18日 16:31,转发,1,赞,360安全浏览器,FmokQ5QgJ,-1,3898,266
487,转发微博, 9月18日 16:31,转发,评论,赞,360安全浏览器,FmokN8kWR,-1,3899,267
488,转发微博, 9月18日 16:31,转发,评论,赞,360安全浏览器,FmokL48ZR,-1,3900,268
489,转发微博, 9月18日 16:30,1,评论,赞,360安全浏览器,FmokJfezZ,-1,3901,269
490,转发微博, 9月18日 16:30,1,评论,赞,360安全浏览器,FmokGk5k6,-1,3902,270
491,转发微博, 9月18日 16:30,1,评论,赞,360安全浏览器,FmokExv6i,-1,3903,271
492,转发微博, 9月18日 09:49,1,评论,1,360安全浏览器,FmlHF2Ei1,-1,3904,272
493,转发微博, 9月18日 09:49,1,评论,1,360安全浏览器,FmlHDg58D,-1,3905,273
494,转发微博, 9月18日 09:49,1,评论,3,360安全浏览器,FmlHAxqgt,-1,3906,274
495,转发微博, 9月18日 09:46,-1,评论,1,360安全浏览器,FmlGFxnFh,-1,3907,275
511,转发微博, 9月17日 09:33,转发,1,赞,iPhone 6 Plus,FmcaGyn3S,-1,3923,276
512,转发微博, 9月17日 09:33,转发,1,赞,iPhone 6 Plus,FmcaEdKc9,-1,3924,277
513,转发微博, 9月17日 09:33,转发,评论,1,iPhone 6 Plus,FmcaCbv9E,-1,3925,278
514,转发微博, 9月17日 09:33,转发,评论,赞,iPhone 6 Plus,FmcaAlMB1,-1,3926,279
515,转发微博, 9月17日 09:32,1,评论,赞,iPhone 6 Plus,FmcayAo8A,-1,3927,280
516,转发微博, 9月17日 09:32,转发,评论,赞,iPhone 6 Plus,FmcaxrqJ1,-1,3928,281
521,转发微博, 9月16日 15:33,转发,评论,1,iPhone 6 Plus,Fm56sEM0I,-1,3933,282
522,转发微博, 9月16日 15:33,转发,1,赞,iPhone 6 Plus,Fm56mqpbA,-1,3934,283
558,转发微博, 9月15日 16:38,转发,评论,2,360安全浏览器,FlW6apWJe,-1,3970,284
676,转发微博, 9月13日 16:59,转发,评论,赞,360安全浏览器,FlDnH6BNm,-1,4088,285
677,转发微博, 9月13日 15:37,1,评论,1,360安全浏览器,FlCQGvKMf,-1,4089,286
678,转发微博, 9月13日 15:05,1,2,赞,360安全浏览器,FlCDwFScg,-1,4090,287
679,转发微博, 9月13日 15:05,1,评论,赞,360安全浏览器,FlCDuyYne,-1,4091,288
680,转发微博, 9月13日 15:04,1,评论,2,360安全浏览器,FlCDj5dKj,-1,4092,289
681,转发微博, 9月13日 15:04,转发,评论,1,360安全浏览器,FlCDgEQwO,-1,4093,290
682,转发微博, 9月13日 15:04,转发,评论,赞,360安全浏览器,FlCDemJES,-1,4094,291
683,转发微博, 9月13日 15:04,转发,评论,赞,360安全浏览器,FlCDb7D1J,-1,4095,292
684,转发微博, 9月13日 15:04,转发,评论,赞,360安全浏览器,FlCD3nxg8,-1,4096,293
685,转发微博, 9月13日 14:22,1,评论,1,360安全浏览器,FlCm0oNFQ,-1,4097,294
686,转发微博, 9月13日 14:22,2,2,2,360安全浏览器,FlClYDLbt,-1,4098,295
687,转发微博, 9月13日 14:22,转发,评论,1,360安全浏览器,FlClWzyfH,-1,4099,296
688,转发微博, 9月13日 14:22,2,3,赞,360安全浏览器,FlClUcdfg,-1,4100,297
689,转发微博, 9月13日 09:47,1,1,1,360安全浏览器,FlAysakiy,-1,4101,298
690,转发微博, 9月13日 09:46,转发,评论,赞,360安全浏览器,FlAyg27Jq,-1,4102,299
691,转发微博, 9月13日 09:46,转发,1,赞,360安全浏览器,FlAycswrx,-1,4103,300
692,转发微博, 9月13日 09:46,转发,评论,赞,360安全浏览器,FlAy9gsUC,-1,4104,301
693,转发微博, 9月13日 09:46,转发,1,2,360安全浏览器,FlAy4e0ep,-1,4105,302
694,转发微博, 9月13日 09:45,1,评论,赞,360安全浏览器,FlAxKqTuB,-1,4106,303
695,转发微博, 9月13日 09:45,1,1,赞,360安全浏览器,FlAxImIX9,-1,4107,304
696,转发微博, 9月13日 09:45,转发,评论,赞,360安全浏览器,FlAxGzlem,-1,4108,305
697,转发微博, 9月13日 09:45,转发,1,赞,360安全浏览器,FlAxD0rAU,-1,4109,306
698,转发微博, 9月13日 09:45,转发,评论,2,360安全浏览器,FlAxA2YI5,-1,4110,307
699,转发微博, 9月13日 09:45,转发,评论,赞,360安全浏览器,FlAxxEKB2,-1,4111,308
700,转发微博, 9月13日 09:45,转发,评论,赞,360安全浏览器,FlAxwdMvP,-1,4112,309
701,转发微博, 9月13日 09:44,1,评论,2,360安全浏览器,FlAxsoJpU,-1,4113,310
702,转发微博, 9月13日 09:44,转发,评论,赞,360安全浏览器,FlAxjwjnC,-1,4114,311
703,转发微博, 9月13日 09:44,转发,评论,赞,360安全浏览器,FlAxhcuuP,-1,4115,312
704,转发微博, 9月13日 09:44,转发,1,1,360安全浏览器,FlAxdAOmi,-1,4116,313
705,转发微博, 9月13日 09:44,转发,评论,3,360安全浏览器,FlAxanpcy,-1,4117,314
706,转发微博, 9月13日 09:44,转发,评论,赞,360安全浏览器,FlAx7pWbf,-1,4118,315
707,转发微博, 9月13日 09:43,转发,评论,赞,360安全浏览器,FlAwWbdef,-1,4119,316
708,转发微博, 9月13日 09:39,转发,评论,赞,360安全浏览器,FlAvmkiLq,-1,4120,317
709,转发微博, 9月13日 09:39,1,评论,赞,360安全浏览器,FlAvkAVQd,-1,4121,318
710,转发微博, 9月13日 09:39,转发,评论,赞,360安全浏览器,FlAvfwo9A,-1,4122,319
711,转发微博, 9月13日 09:39,转发,评论,赞,360安全浏览器,FlAvdwbyA,-1,4123,320
712,转发微博, 9月13日 09:39,转发,评论,2,360安全浏览器,FlAvcmn5o,-1,4124,321
736,转发微博, 9月12日 17:06,1,评论,赞,360安全浏览器,Flu0ajwSX,-1,4148,322
737,转发微博, 9月12日 17:06,1,2,赞,360安全浏览器,Flu075Doa,-1,4149,323
740,转发微博, 9月12日 14:43,转发,评论,赞,360安全浏览器,Flt41mc06,-1,4152,324
743,转发微博, 9月12日 14:01,2,评论,23,360安全浏览器,FlsNgmDCQ,-1,4155,325
744,转发微博, 9月12日 14:01,4,1,34,360安全浏览器,FlsN3mJma,-1,4156,326
745,转发微博, 9月12日 14:00,3,评论,39,360安全浏览器,FlsMS7Az3,-1,4157,327
746,转发微博, 9月12日 13:59,3,2,17,360安全浏览器,FlsMsoQLK,-1,4158,328
747,转发微博, 9月12日 13:59,2,评论,24,360安全浏览器,FlsMoCa6X,-1,4159,329
748,转发微博, 9月12日 13:58,2,1,17,360安全浏览器,FlsLVmggr,-1,4160,330
749,转发微博, 9月12日 13:57,转发,评论,赞,360安全浏览器,FlsLmqF43,-1,4161,331
750,转发微博, 9月12日 13:57,转发,评论,1,360安全浏览器,FlsLlkAQ7,-1,4162,332
751,转发微博, 9月12日 13:57,转发,评论,赞,360安全浏览器,FlsLjdohV,-1,4163,333
752,转发微博, 9月12日 13:56,转发,评论,4,360安全浏览器,FlsLc9dL0,-1,4164,334
753,转发微博, 9月12日 13:56,转发,评论,1,360安全浏览器,FlsL9rELu,-1,4165,335
754,转发微博, 9月12日 13:56,转发,1,1,360安全浏览器,FlsL78B1v,-1,4166,336
761,转发微博, 9月12日 09:59,3,1,2,360安全浏览器,FlrcHiAxS,-1,4173,337
762,转发微博, 9月12日 09:58,1,评论,赞,360安全浏览器,FlrcBmHKu,-1,4174,338
781,转发微博, 9月11日 16:57,转发,评论,1,360安全浏览器,FlkvUmkEI,-1,4193,339
782,转发微博, 9月11日 16:56,转发,评论,1,360安全浏览器,FlkvIu4Hr,-1,4194,340
783,转发微博, 9月11日 13:50,转发,评论,3,360安全浏览器,FljhYiUDg,-1,4195,341
784,转发微博, 9月11日 11:25,11,2,20,360安全浏览器,Flilcg9UR,-1,4196,342
785,转发微博, 9月11日 11:25,2,1,12,360安全浏览器,Flil41p4e,-1,4197,343
786,转发微博, 9月11日 11:24,2,1,37,360安全浏览器,FlikMfAiO,-1,4198,344
787,转发微博, 9月11日 11:24,6,1,19,360安全浏览器,FlikGkcbX,-1,4199,345
788,转发微博, 9月11日 11:23,4,1,23,360安全浏览器,FlikzuCW6,-1,4200,346
789,转发微博, 9月11日 11:23,3,1,17,360安全浏览器,Flikwxifl,-1,4201,347
790,转发微博, 9月11日 11:23,2,1,54,360安全浏览器,FliktCyzE,-1,4202,348
791,转发微博, 9月11日 11:23,1,1,49,360安全浏览器,FlikhuJI6,-1,4203,349
889,#交通安全整治攻坚战##集中清查行动#@平安成都, 9月9日 09:02,转发,评论,3,iPhone 6 Plus,FkYy6cWkX,-1,4301,350
890,@平安成都, 9月9日 09:01,转发,评论,1,iPhone 6 Plus,FkYy0hLDE,-1,4302,351
891,@平安成都, 9月9日 09:01,转发,评论,赞,iPhone 6 Plus,FkYxXF1Pz,-1,4303,352
916,转发微博, 9月8日 16:51,转发,1,1,360安全浏览器,FkSccpC7f,-1,4328,353
917,转发微博, 9月8日 16:51,转发,评论,赞,360安全浏览器,FkSc1q28J,-1,4329,354
918,转发微博, 9月8日 16:50,3,5,2,360安全浏览器,FkSbS02lz,-1,4330,355
919,转发微博, 9月8日 16:50,转发,评论,赞,360安全浏览器,FkSbPB4lv,-1,4331,356
920,转发微博, 9月8日 16:50,转发,评论,1,360安全浏览器,FkSbOc6gN,-1,4332,357
921,转发微博, 9月8日 16:50,转发,1,赞,360安全浏览器,FkSbIh1St,-1,4333,358
923,转发微博, 9月8日 15:16,转发,评论,2,360安全浏览器,FkRzteE9o,-1,4335,359
924,转发微博, 9月8日 15:16,转发,1,赞,360安全浏览器,FkRzpn5HJ,-1,4336,360
925,转发微博, 9月8日 15:15,2,评论,赞,360安全浏览器,FkRyVx73r,-1,4337,361
926,转发微博, 9月8日 15:14,转发,评论,赞,360安全浏览器,FkRyOsheP,-1,4338,362
927,转发微博, 9月8日 15:14,转发,评论,1,360安全浏览器,FkRyJ7ppP,-1,4339,363
928,转发微博, 9月8日 15:13,转发,评论,1,360安全浏览器,FkRymENrq,-1,4340,364
931,转发微博, 9月8日 10:22,-1,5,1,360安全浏览器,FkPEnbL4h,-1,4343,365
932,转发微博, 9月8日 10:22,转发,1,赞,360安全浏览器,FkPEl7x9g,-1,4344,366
933,转发微博, 9月8日 10:22,转发,评论,赞,360安全浏览器,FkPEjkVaI,-1,4345,367
934,转发微博, 9月8日 10:22,转发,评论,赞,360安全浏览器,FkPEhgGUR,-1,4346,368
935,转发微博, 9月8日 10:22,转发,评论,赞,360安全浏览器,FkPEbmMPE,-1,4347,369
936,转发微博, 9月8日 10:22,转发,评论,赞,360安全浏览器,FkPE9iO8j,-1,4348,370
937,转发微博, 9月8日 10:22,转发,评论,赞,360安全浏览器,FkPE585Kb,-1,4349,371
938,转发微博, 9月8日 10:21,转发,评论,赞,360安全浏览器,FkPDXsuux,-1,4350,372
939,转发微博, 9月8日 10:20,转发,1,1,360安全浏览器,FkPDqFz8T,-1,4351,373
940,转发微博, 9月8日 10:19,转发,评论,1,360安全浏览器,FkPDb1RQs,-1,4352,374
941,转发微博, 9月8日 10:10,转发,评论,3,360安全浏览器,FkPzi97bF,-1,4353,375
942,转发微博, 9月8日 10:08,1,评论,2,360安全浏览器,FkPyyovZ4,-1,4354,376
943,转发微博, 9月8日 10:08,转发,评论,赞,360安全浏览器,FkPywj2aN,-1,4355,377
944,转发微博, 9月8日 10:08,1,评论,赞,360安全浏览器,FkPyqn8sI,-1,4356,378
959,转发微博, 9月7日 14:37,转发,2,1,360安全浏览器,FkHTg7OAU,-1,4371,379
960,转发微博, 9月7日 14:37,1,1,12,360安全浏览器,FkHT1Camg,-1,4372,380
961,转发微博, 9月7日 14:36,11,2,33,360安全浏览器,FkHSUwmNm,-1,4373,381
963,转发微博, 9月7日 14:36,转发,评论,37,360安全浏览器,FkHSPunXo,-1,4375,382
964,转发微博, 9月7日 14:36,4,评论,32,360安全浏览器,FkHSD7Ggd,-1,4376,383
965,转发微博, 9月7日 12:56,转发,评论,赞,360安全浏览器,FkHe0DQRi,-1,4377,384
966,转发微博, 9月7日 12:55,转发,2,赞,360安全浏览器,FkHdZbfNP,-1,4378,385
967,转发微博, 9月7日 12:55,1,评论,赞,360安全浏览器,FkHdVAu24,-1,4379,386
968,转发微博, 9月7日 12:55,转发,评论,赞,360安全浏览器,FkHdUbwjB,-1,4380,387
969,转发微博, 9月7日 12:55,转发,评论,赞,360安全浏览器,FkHdP6fdh,-1,4381,388
970,转发微博, 9月7日 12:55,1,评论,赞,360安全浏览器,FkHdN42Lu,-1,4382,389
971,转发微博, 9月7日 12:55,转发,评论,赞,360安全浏览器,FkHdLiUUU,-1,4383,390
972,转发微博, 9月7日 12:55,转发,评论,1,360安全浏览器,FkHdHoc8C,-1,4384,391
973,转发微博, 9月7日 12:54,转发,评论,赞,360安全浏览器,FkHdwav0e,-1,4385,392
974,转发微博, 9月7日 12:54,转发,1,1,360安全浏览器,FkHds4Ym6,-1,4386,393
975,转发微博, 9月7日 12:54,转发,1,赞,360安全浏览器,FkHdq3cDZ,-1,4387,394
976,转发微博, 9月7日 12:54,转发,评论,赞,360安全浏览器,FkHdoeaV7,-1,4388,395
977,转发微博, 9月7日 12:54,转发,评论,赞,360安全浏览器,FkHdmrAUh,-1,4389,396
978,转发微博, 9月7日 12:54,1,评论,1,360安全浏览器,FkHdknnXb,-1,4390,397
1002,转发微博, 9月6日 15:18,1,评论,2,360安全浏览器,FkyJd0yxF,-1,4414,398
1003,转发微博, 9月6日 14:31,1,3,1,360安全浏览器,Fkyq7xe5L,-1,4415,399
1004,转发微博, 9月6日 14:30,转发,评论,赞,360安全浏览器,FkypZAoo0,-1,4416,400
1005,转发微博, 9月6日 14:30,转发,评论,赞,360安全浏览器,FkypWBmgR,-1,4417,401
1006,转发微博, 9月6日 14:30,转发,评论,赞,360安全浏览器,FkypTEXML,-1,4418,402
1009,转发微博, 9月6日 11:35,2,1,1,360安全浏览器,FkxgSdSYT,-1,4421,403
1010,转发微博, 9月6日 11:35,1,1,1,360安全浏览器,FkxgKwK3m,-1,4422,404
1012,转发微博, 9月6日 10:40,1,2,1,360安全浏览器,FkwUum31j,-1,4424,405
1013,转发微博, 9月6日 10:31,8,2,23,360安全浏览器,FkwQRdwlT,-1,4425,406
1014,转发微博, 9月6日 10:31,4,1,10,360安全浏览器,FkwQK4GQJ,-1,4426,407
1015,转发微博, 9月6日 10:30,4,1,22,360安全浏览器,FkwQyezsF,-1,4427,408
1017,转发微博, 9月6日 10:08,转发,评论,赞,360安全浏览器,FkwHqDwGc,-1,4429,409
1018,转发微博, 9月6日 10:08,转发,评论,1,360安全浏览器,FkwHoD3UX,-1,4430,410
1019,转发微博, 9月6日 10:07,转发,评论,1,360安全浏览器,FkwHjjDHT,-1,4431,411
1020,转发微博, 9月6日 10:07,转发,评论,赞,360安全浏览器,FkwHdnBzN,-1,4432,412
1021,转发微博, 9月6日 10:07,转发,评论,赞,360安全浏览器,FkwHbC7Vg,-1,4433,413
1022,转发微博, 9月6日 10:07,转发,评论,赞,360安全浏览器,FkwH9dABy,-1,4434,414
1023,转发微博, 9月6日 10:07,转发,评论,1,360安全浏览器,FkwH7c5E7,-1,4435,415
1024,转发微博, 9月6日 10:07,转发,评论,赞,360安全浏览器,FkwH5oHf3,-1,4436,416
1025,转发微博, 9月6日 10:07,1,评论,赞,360安全浏览器,FkwH2aqkp,-1,4437,417
1026,转发微博, 9月6日 10:07,转发,评论,1,360安全浏览器,FkwGZfbMR,-1,4438,418
1028,转发微博, 9月6日 10:03,转发,评论,赞,360安全浏览器,FkwFqyPHp,-1,4440,419
1029,转发微博, 9月6日 10:03,1,1,赞,360安全浏览器,FkwFjsUj6,-1,4441,420
1030,转发微博, 9月6日 10:02,1,评论,赞,360安全浏览器,FkwEYvLsb,-1,4442,421
1031,转发微博, 9月6日 10:02,转发,评论,赞,360安全浏览器,FkwETrQfO,-1,4443,422
1056,转发微博, 9月5日 16:24,8,评论,42,360安全浏览器,FkpJLpwnN,-1,4468,423
1057,转发微博, 9月5日 16:23,6,评论,18,360安全浏览器,FkpJcdQaW,-1,4469,424
1058,转发微博, 9月5日 16:22,3,评论,13,360安全浏览器,FkpJ1gXJn,-1,4470,425
1059,转发微博, 9月5日 16:22,8,4,22,360安全浏览器,FkpIF73DA,-1,4471,426
1060,转发微博, 9月5日 16:21,7,3,13,360安全浏览器,FkpIsrA92,-1,4472,427
1061,转发微博, 9月5日 15:40,1,评论,1,360安全浏览器,FkprOisWH,-1,4473,428
1062,转发微博, 9月5日 15:40,1,评论,赞,360安全浏览器,FkprI6PBF,-1,4474,429
1063,//@成都交警四分局: //@成都交警: 转发微博, 9月5日 11:09,转发,1,赞,360安全浏览器,FknFO1DIA,-1,4475,430
1064,转发微博, 9月5日 11:08,转发,评论,赞,360安全浏览器,FknFudt8X,-1,4476,431
1065,转发微博, 9月5日 11:08,转发,评论,赞,360安全浏览器,FknFqpFLv,-1,4477,432
1067,转发微博, 9月5日 10:22,1,评论,1,360安全浏览器,FknmK5H2t,-1,4479,433
1068,转发微博, 9月5日 10:21,1,评论,赞,360安全浏览器,Fknmr7euv,-1,4480,434
1069,转发微博, 9月5日 10:21,1,评论,赞,360安全浏览器,Fknmp4533,-1,4481,435
1070,转发微博, 9月5日 10:21,1,评论,赞,360安全浏览器,FknmluY3z,-1,4482,436
1071,转发微博, 9月5日 10:20,2,评论,赞,360安全浏览器,FknlWpFih,-1,4483,437
1072,转发微博, 9月5日 10:20,转发,1,赞,360安全浏览器,FknlQss1G,-1,4484,438
1087,转发微博, 9月4日 16:18,转发,评论,5,360安全浏览器,FkggyoZfZ,-1,4499,439
1088,转发微博, 9月4日 16:17,转发,评论,1,360安全浏览器,FkggvsGSk,-1,4500,440
1089,转发微博, 9月4日 16:17,转发,评论,赞,360安全浏览器,FkggqpNu1,-1,4501,441
1090,转发微博, 9月4日 14:29,转发,评论,赞,360安全浏览器,Fkfyy8d9w,-1,4502,442
1091,转发微博, 9月4日 12:02,转发,2,2,360安全浏览器,FkeACkXxE,-1,4503,443
1092,转发微博, 9月4日 11:23,转发,评论,赞,360安全浏览器,FkekX13WE,-1,4504,444
1093,转发微博, 9月4日 11:23,转发,评论,赞,360安全浏览器,FkekRnCLv,-1,4505,445
1094,转发微博, 9月4日 11:23,转发,评论,赞,360安全浏览器,FkekPC8pN,-1,4506,446
1095,转发微博, 9月4日 11:23,1,评论,赞,360安全浏览器,FkekOaw47,-1,4507,447
1096,转发微博, 9月4日 11:23,转发,评论,赞,360安全浏览器,FkekM7gS4,-1,4508,448
1097,转发微博, 9月4日 11:22,转发,评论,赞,360安全浏览器,FkekKkEqH,-1,4509,449
1098,转发微博, 9月4日 11:22,转发,评论,赞,360安全浏览器,FkekH5uDk,-1,4510,450
1099,转发微博, 9月4日 11:22,转发,评论,赞,360安全浏览器,FkekEFiNI,-1,4511,451
1102,转发微博, 9月4日 10:19,1,评论,赞,360安全浏览器,FkdV8lGi5,-1,4514,452
1103,转发微博, 9月4日 10:19,1,评论,赞,360安全浏览器,FkdUXFBZz,-1,4515,453
1104,转发微博, 9月4日 10:19,1,评论,赞,360安全浏览器,FkdUVEgSl,-1,4516,454
1105,转发微博, 9月4日 10:19,1,评论,赞,360安全浏览器,FkdUTxbiV,-1,4517,455
1106,转发微博, 9月4日 10:18,1,评论,赞,360安全浏览器,FkdUyz86L,-1,4518,456
1107,转发微博, 9月4日 10:18,2,评论,赞,360安全浏览器,FkdUwxEUa,-1,4519,457
1108,转发微博, 9月4日 10:18,1,评论,赞,360安全浏览器,FkdUutsFD,-1,4520,458
1109,转发微博, 9月4日 10:17,2,评论,赞,360安全浏览器,FkdU80bRo,-1,4521,459
1110,转发微博, 9月4日 10:17,3,1,赞,360安全浏览器,FkdU6fFWJ,-1,4522,460
1111,转发微博, 9月4日 10:17,转发,1,1,360安全浏览器,FkdU3AC36,-1,4523,461
1112,转发微博, 9月4日 10:16,转发,评论,1,360安全浏览器,FkdTE8Bxj,-1,4524,462
1113,转发微博, 9月4日 10:00,转发,评论,赞,360安全浏览器,FkdNbctnj,-1,4525,463
1114,转发微博, 9月4日 09:59,转发,评论,1,360安全浏览器,FkdMZCsYu,-1,4526,464
1115,转发微博, 9月4日 09:57,转发,评论,赞,360安全浏览器,FkdM1mNFW,-1,4527,465
1116,转发微博, 9月4日 09:57,转发,评论,1,360安全浏览器,FkdLZiACH,-1,4528,466
1117,转发微博, 9月4日 09:57,转发,1,1,360安全浏览器,FkdLXwyaT,-1,4529,467
1118,转发微博, 9月4日 09:56,转发,评论,赞,360安全浏览器,FkdLLq5lg,-1,4530,468
1119,转发微博, 9月4日 09:56,转发,评论,1,360安全浏览器,FkdLJlmzm,-1,4531,469
1120,转发微博, 9月4日 09:56,转发,评论,1,360安全浏览器,FkdLAa0BR,-1,4532,470
1121,转发微博, 9月4日 09:56,-1,1,1,360安全浏览器,FkdLvtTlt,-1,4533,471
1122,转发微博, 9月4日 09:55,转发,1,赞,360安全浏览器,FkdLoCMoQ,-1,4534,472
1123,转发微博, 9月4日 09:48,8,评论,23,360安全浏览器,FkdIfmeny,-1,4535,473
1124,转发微博, 9月4日 09:46,3,1,22,360安全浏览器,FkdHM6ut6,-1,4536,474
1125,转发微博, 9月4日 09:46,3,评论,26,360安全浏览器,FkdHE8FsC,-1,4537,475
1126,转发微博, 9月4日 09:46,2,评论,11,360安全浏览器,FkdHpAIhI,-1,4538,476
1127,转发微博, 9月4日 09:45,10,评论,41,360安全浏览器,FkdHfzpMR,-1,4539,477
1128,转发微博, 9月4日 09:45,3,1,445,360安全浏览器,FkdHdxAV6,-1,4540,478
1129,转发微博, 9月4日 09:45,6,2,67,360安全浏览器,FkdHaivXv,-1,4541,479
1130,转发微博, 9月4日 09:45,4,2,27,360安全浏览器,FkdH0cLCb,-1,4542,480
1131,转发微博, 9月4日 09:43,4,评论,58,360安全浏览器,FkdGnw8QK,-1,4543,481
1153,转发微博, 9月2日 15:55,1,评论,1,iPhone 6 Plus,FjXgu6Ezu,-1,4565,482
1154,转发微博, 9月2日 15:55,1,评论,1,iPhone 6 Plus,FjXgqxrFz,-1,4566,483
1155,转发微博, 9月2日 15:55,1,评论,1,iPhone 6 Plus,FjXglfqmX,-1,4567,484
1156,转发微博, 9月2日 15:55,1,评论,赞,iPhone 6 Plus,FjXggsluW,-1,4568,485
1157,转发微博, 9月2日 15:54,1,评论,赞,iPhone 6 Plus,FjXgafNo4,-1,4569,486
1158,转发微博, 9月2日 15:54,1,评论,2,iPhone 6 Plus,FjXga26x7,-1,4570,487
1159,转发微博, 9月2日 15:54,1,评论,赞,iPhone 6 Plus,FjXg5i2n3,-1,4571,488
1160,转发微博, 9月2日 15:54,1,评论,赞,iPhone 6 Plus,FjXg2kfYN,-1,4572,489
1161,转发微博, 9月2日 15:54,1,评论,赞,iPhone 6 Plus,FjXfU2EHi,-1,4573,490
1162,转发微博, 9月2日 15:53,1,1,8,iPhone 6 Plus,FjXfHC1Fy,-1,4574,491
1163,转发微博, 9月2日 15:53,1,评论,3,iPhone 6 Plus,FjXfEp6WC,-1,4575,492
1164,转发微博, 9月2日 15:53,1,评论,赞,iPhone 6 Plus,FjXfAuddC,-1,4576,493
1165,转发微博, 9月2日 15:53,1,评论,赞,iPhone 6 Plus,FjXftoHNY,-1,4577,494
1166,转发微博, 9月2日 15:53,1,评论,赞,iPhone 6 Plus,FjXfr3102,-1,4578,495
1167,转发微博, 9月2日 15:53,1,评论,赞,iPhone 6 Plus,FjXfpAoJQ,-1,4579,496
1168,转发微博, 9月2日 15:53,1,评论,赞,iPhone 6 Plus,FjXfnx4EW,-1,4580,497
1169,转发微博, 9月2日 15:52,1,1,赞,iPhone 6 Plus,FjXfg7wVK,-1,4581,498
1170,转发微博, 9月2日 15:52,1,评论,赞,iPhone 6 Plus,FjXfe6JpS,-1,4582,499
1171,转发微博, 9月2日 15:52,1,评论,1,iPhone 6 Plus,FjXfchNso,-1,4583,500
1172,转发微博, 9月2日 15:52,1,评论,赞,iPhone 6 Plus,FjXf6EoeO,-1,4584,501
1173,转发微博, 9月2日 15:52,1,评论,赞,iPhone 6 Plus,FjXf5vyq3,-1,4585,502
1190,转发微博, 9月1日 16:33,1,评论,1,360安全浏览器,FjO59aLva,-1,4602,503
1191,转发微博, 9月1日 16:32,转发,评论,赞,360安全浏览器,FjO55CDCO,-1,4603,504
1192,转发微博, 9月1日 16:32,1,评论,1,360安全浏览器,FjO527bUc,-1,4604,505
1193,转发微博, 9月1日 16:32,转发,评论,赞,360安全浏览器,FjO504HQi,-1,4605,506
1194,转发微博, 9月1日 16:32,转发,评论,赞,360安全浏览器,FjO4Yi5Cm,-1,4606,507
1195,转发微博, 9月1日 16:32,转发,评论,赞,360安全浏览器,FjO4UsjxV,-1,4607,508
1196,转发微博, 9月1日 16:31,转发,1,1,360安全浏览器,FjO4Ec02p,-1,4608,509
1197,转发微博, 9月1日 16:30,转发,评论,赞,360安全浏览器,FjO498LhO,-1,4609,510
1198,转发微博, 9月1日 16:28,转发,评论,3,360安全浏览器,FjO3tbwGB,-1,4610,511
1199,转发微博, 9月1日 13:16,3,1,赞,360安全浏览器,FjMNf1EBy,-1,4611,512
1200,转发微博, 9月1日 13:15,1,1,2,360安全浏览器,FjMMKggBI,-1,4612,513
1201,转发微博, 9月1日 12:28,3,1,赞,360安全浏览器,FjMtLh1Cu,-1,4613,514
1202,转发微博, 9月1日 12:28,1,1,1,360安全浏览器,FjMtKa56q,-1,4614,515
1203,转发微博, 9月1日 12:28,1,评论,1,360安全浏览器,FjMtIky64,-1,4615,516
1204,转发微博, 9月1日 12:17,1,评论,赞,360安全浏览器,FjMprBA2k,-1,4616,517
1205,转发微博, 9月1日 11:56,1,评论,1,360安全浏览器,FjMgO8xHR,-1,4617,518
1206,转发微博, 9月1日 11:56,1,评论,4,360安全浏览器,FjMgLtBFx,-1,4618,519
1207,转发微博, 9月1日 11:56,1,1,赞,360安全浏览器,FjMgIv6nE,-1,4619,520
1208,转发微博, 9月1日 11:55,1,评论,1,360安全浏览器,FjMgAhxdo,-1,4620,521
1209,转发微博, 9月1日 11:24,2,1,赞,360安全浏览器,FjM3J2rYA,-1,4621,522
1211,转发微博, 9月1日 11:01,3,1,赞,360安全浏览器,FjLUqdUGG,-1,4623,523
1212,转发微博, 9月1日 11:01,转发,评论,赞,360安全浏览器,FjLUorjQD,-1,4624,524
1214,转发微博, 9月1日 10:45,2,1,赞,360安全浏览器,FjLNXxogu,-1,4626,525
1215,转发微博, 9月1日 10:45,2,1,1,360安全浏览器,FjLNToSKY,-1,4627,526
1216,转发微博, 9月1日 10:45,-1,评论,赞,360安全浏览器,FjLNRlJQX,-1,4628,527
1217,转发微博, 9月1日 10:14,8,1,10,360安全浏览器,FjLBrAHwT,-1,4629,528
1218,转发微博, 9月1日 10:07,6,评论,35,360安全浏览器,FjLyE6Gcl,-1,4630,529
1276,转发微博, 8月31日 11:05,转发,评论,赞,360安全浏览器,FjCvzDCht,-1,4688,530
1284,转发微博, 8月31日 09:42,转发,评论,2,360安全浏览器,FjBY88lT9,-1,4696,531
1285,转发微博, 8月31日 09:42,转发,评论,6,360安全浏览器,FjBY397N5,-1,4697,532
1315,转发微博, 8月30日 17:39,1,评论,赞,360安全浏览器,FjvFg03s8,-1,4727,533
1316,转发微博, 8月30日 17:39,转发,评论,1,360安全浏览器,FjvFd1vwk,-1,4728,534
1317,转发微博, 8月30日 17:39,转发,评论,赞,360安全浏览器,FjvF3z5Uo,-1,4729,535
1325,转发微博, 8月30日 12:20,4,评论,21,360安全浏览器,FjtzMBEun,-1,4737,536
1326,转发微博, 8月30日 12:20,2,评论,23,360安全浏览器,FjtzItb6n,-1,4738,537
1327,转发微博, 8月30日 12:20,7,1,35,360安全浏览器,FjtzCieme,-1,4739,538
1328,转发微博, 8月30日 12:20,9,1,26,360安全浏览器,Fjtzzk0ex,-1,4740,539
1329,转发微博, 8月30日 12:20,13,评论,24,360安全浏览器,FjtzsgLXI,-1,4741,540
1367,转发微博, 8月29日 20:08,转发,评论,1,iPhone 6 Plus,FjncVq6QW,-1,4779,541
1377,转发微博, 8月29日 11:09,4,评论,19,360安全浏览器,FjjGkEi0Q,-1,4789,542
1378,转发微博, 8月29日 11:09,22,3,21,360安全浏览器,FjjGdyjwU,-1,4790,543
1379,转发微博, 8月29日 11:08,4,评论,29,360安全浏览器,FjjFX1Dha,-1,4791,544
1380,转发微博, 8月29日 11:08,24,3,47,360安全浏览器,FjjFJ8sAt,-1,4792,545
1381,转发微博, 8月29日 11:07,17,1,16,360安全浏览器,FjjFttybM,-1,4793,546
1382,转发微博, 8月29日 11:07,5,评论,7,360安全浏览器,FjjFk2CUJ,-1,4794,547
1383,转发微博, 8月29日 11:06,5,评论,7,360安全浏览器,FjjFdv4WH,-1,4795,548
1384,转发微博, 8月29日 11:06,3,评论,20,360安全浏览器,FjjFa0Q5R,-1,4796,549
1385,转发微博, 8月29日 11:05,4,评论,21,360安全浏览器,FjjESfJWX,-1,4797,550
1388,转发微博, 8月29日 10:19,转发,2,赞,360安全浏览器,FjjlWdUy9,-1,4800,551
1392,转发微博, 8月29日 10:16,转发,评论,赞,360安全浏览器,FjjkQy949,-1,4804,552
1395,转发微博, 8月29日 10:15,转发,1,26,360安全浏览器,FjjkACA4G,-1,4807,553
1413,转发微博, 8月28日 21:30,转发,评论,1,iPhone 6 Plus,FjejOcNCQ,-1,4825,554
1435,转发微博, 8月28日 15:25,转发,评论,赞,360安全浏览器,FjbVCpw93,-1,4847,555
1436,转发微博, 8月28日 14:47,转发,评论,5,360安全浏览器,FjbGgCHe1,-1,4848,556
1437,转发微博, 8月28日 14:47,1,评论,赞,360安全浏览器,FjbGbkjU7,-1,4849,557
1438,转发微博, 8月28日 14:21,转发,2,14,360安全浏览器,FjbvAsH2u,-1,4850,558
1439,转发微博, 8月28日 14:20,转发,3,1,360安全浏览器,FjbvvrYi5,-1,4851,559
1441,转发微博, 8月28日 09:43,转发,评论,赞,360安全浏览器,Fj9GRu4lI,-1,4853,560
1442,转发微博, 8月28日 09:43,转发,评论,1,360安全浏览器,Fj9GP8XfT,-1,4854,561
1499,转发微博, 8月26日 12:28,转发,评论,17,iPhone 6 Plus,FiRUGAWlX,-1,4911,562
1500,转发微博, 8月26日 12:27,转发,评论,3,iPhone 6 Plus,FiRUEvM0Y,-1,4912,563
1501,转发微博, 8月26日 12:27,转发,评论,4,iPhone 6 Plus,FiRUCoWnb,-1,4913,564
1564,转发微博, 8月25日 10:30,5,1,17,360安全浏览器,FiHIk6Iks,-1,4976,565
1565,转发微博, 8月25日 10:29,6,评论,12,360安全浏览器,FiHIety4H,-1,4977,566
1566,转发微博, 8月25日 10:29,4,评论,19,360安全浏览器,FiHI9a8SU,-1,4978,567
1623,转发微博, 8月24日 11:31,5,1,38,360安全浏览器,FiyGBy2kR,-1,5035,568
1624,转发微博, 8月24日 11:30,13,6,23,360安全浏览器,FiyGrcAd0,-1,5036,569
1625,转发微博, 8月24日 11:30,3,1,32,360安全浏览器,FiyGmqnTk,-1,5037,570
1626,转发微博, 8月24日 11:30,7,3,23,360安全浏览器,FiyGko1VP,-1,5038,571
1627,转发微博, 8月24日 11:30,5,3,265,360安全浏览器,FiyGfF19Q,-1,5039,572
1628,转发微博, 8月24日 11:30,5,1,18,360安全浏览器,FiyGbeQmY,-1,5040,573
1630,转发微博, 8月24日 11:29,5,1,5,360安全浏览器,FiyG1sQQZ,-1,5042,574
1631,转发微博, 8月24日 11:29,5,1,10,360安全浏览器,FiyFRsPKh,-1,5043,575
1632,转发微博, 8月24日 11:29,6,3,47,360安全浏览器,FiyFNBZAR,-1,5044,576
1633,转发微博, 8月24日 11:28,3,1,16,360安全浏览器,FiyFnhYuL,-1,5045,577
1634,转发微博, 8月24日 11:27,4,1,87,360安全浏览器,FiyFe7JYa,-1,5046,578
1712,转发微博, 8月23日 09:49,1,评论,赞,360安全浏览器,FioAJurVI,-1,5124,579
1718,转发微博, 8月22日 16:13,转发,评论,赞,360安全浏览器,FihGk223r,-1,5130,580
1719,转发微博, 8月22日 16:13,转发,评论,3,360安全浏览器,FihGertQA,-1,5131,581
1722,转发微博, 8月22日 11:51,34,2,10,360安全浏览器,FifXO5diE,-1,5134,582
1723,转发微博, 8月22日 11:50,32,1,15,360安全浏览器,FifXE1GvB,-1,5135,583
1724,转发微博, 8月22日 11:50,16,1,13,360安全浏览器,FifXy6trQ,-1,5136,584
1725,转发微博, 8月22日 11:50,19,1,25,360安全浏览器,FifXvbyd6,-1,5137,585
1726,转发微博, 8月22日 11:50,18,1,39,360安全浏览器,FifXt7jz4,-1,5138,586
1727,转发微博, 8月22日 11:50,19,2,16,360安全浏览器,FifXo4dKx,-1,5139,587
1728,转发微博, 8月22日 11:49,18,1,5,360安全浏览器,FifX3oNYY,-1,5140,588
1729,转发微博, 8月22日 11:48,21,1,31,360安全浏览器,FifWPeC1D,-1,5141,589
1730,转发微博, 8月22日 11:48,19,1,41,360安全浏览器,FifWxsL4N,-1,5142,590
1731,转发微博, 8月22日 11:48,13,2,21,360安全浏览器,FifWvovbS,-1,5143,591
1732,转发微博, 8月22日 11:47,15,1,20,360安全浏览器,FifWprhzY,-1,5144,592
1733,转发微博, 8月22日 11:47,12,1,6,360安全浏览器,FifWnah0f,-1,5145,593
1734,转发微博, 8月22日 11:47,30,5,138,360安全浏览器,FifWi7DIk,-1,5146,594
1735,转发微博, 8月22日 11:47,17,1,12,360安全浏览器,FifWdmn0F,-1,5147,595
1736,转发微博, 8月22日 11:47,33,1,32,360安全浏览器,FifW9vzmX,-1,5148,596
1737,转发微博, 8月22日 11:47,18,1,9,360安全浏览器,FifW5n67G,-1,5149,597
1738,转发微博, 8月22日 11:46,21,1,23,360安全浏览器,FifVVCji2,-1,5150,598
1739,转发微博, 8月22日 11:46,18,1,13,360安全浏览器,FifVTB0UL,-1,5151,599
1740,转发微博, 8月22日 11:46,15,1,21,360安全浏览器,FifVQktC7,-1,5152,600
1741,转发微博, 8月22日 11:46,15,评论,61,360安全浏览器,FifVNplXQ,-1,5153,601
1743,转发微博, 8月22日 11:46,15,1,20,360安全浏览器,FifVHcARr,-1,5155,602
1744,转发微博, 8月22日 11:45,26,18,22,360安全浏览器,FifVCpyG5,-1,5156,603
1745,转发微博, 8月22日 11:45,15,1,21,360安全浏览器,FifVzv9c9,-1,5157,604
1746,转发微博, 8月22日 11:45,17,1,24,360安全浏览器,FifVy0wUN,-1,5158,605
1747,转发微博, 8月22日 11:45,15,1,29,360安全浏览器,FifVvEiR8,-1,5159,606
1748,转发微博, 8月22日 11:45,11,1,18,360安全浏览器,FifVoyfKl,-1,5160,607
1749,转发微博, 8月22日 11:45,14,1,17,360安全浏览器,FifVjxyR6,-1,5161,608
1750,转发微博, 8月22日 11:44,12,1,19,360安全浏览器,FifVbwfcg,-1,5162,609
1751,转发微博, 8月22日 11:44,11,2,28,360安全浏览器,FifV9c2q5,-1,5163,610
1752,转发微博, 8月22日 11:44,9,1,41,360安全浏览器,FifV5BaWY,-1,5164,611
1753,转发微博, 8月22日 11:44,10,1,27,360安全浏览器,FifV3gqkR,-1,5165,612
1754,转发微博, 8月22日 11:44,11,1,13,360安全浏览器,FifV0DdhT,-1,5166,613
1755,转发微博, 8月22日 11:44,10,1,22,360安全浏览器,FifUYycKC,-1,5167,614
1756,转发微博, 8月22日 11:44,16,1,38,360安全浏览器,FifUV1orC,-1,5168,615
1757,转发微博, 8月22日 11:44,10,1,16,360安全浏览器,FifURu1YO,-1,5169,616
1942,转发微博, 8月18日 16:58,1,评论,15,360安全浏览器,FhGgk8kCE,-1,5354,617
1944,转发微博, 8月18日 16:57,2,2,26,360安全浏览器,FhGg1uKkW,-1,5356,618
1955,转发微博, 8月18日 09:45,1,1,40,360安全浏览器,FhDqUvctN,-1,5367,619
1956,转发微博, 8月18日 09:45,3,评论,40,360安全浏览器,FhDqA7EJM,-1,5368,620
1957,转发微博, 8月18日 09:44,4,评论,66,360安全浏览器,FhDqwysMt,-1,5369,621
2145,转发微博, 8月15日 10:31,2,评论,59,360安全浏览器,Fhbs08iZY,-1,5557,622
2151,转发微博, 8月15日 10:15,2,1,5,360安全浏览器,Fhbls6jUg,-1,5563,623
2218,转发微博, 8月14日 09:45,1,2,3,360安全浏览器,Fh1IDnONY,-1,5630,624
2219,转发微博, 8月14日 09:45,1,1,赞,360安全浏览器,Fh1IA8H65,-1,5631,625
2220,转发微博, 8月14日 09:44,2,评论,赞,360安全浏览器,Fh1IuguCV,-1,5632,626
2221,转发微博, 8月14日 09:44,转发,评论,2,360安全浏览器,Fh1Is9Iyb,-1,5633,627
2222,转发微博, 8月14日 09:44,转发,评论,1,360安全浏览器,Fh1Io1jQD,-1,5634,628
2223,转发微博, 8月14日 09:44,转发,评论,赞,360安全浏览器,Fh1IjzSGH,-1,5635,629
2224,转发微博, 8月14日 09:44,转发,评论,2,360安全浏览器,Fh1IgEUuw,-1,5636,630
2225,转发微博, 8月14日 09:44,转发,评论,3,360安全浏览器,Fh1Id6NdZ,-1,5637,631
2233,转发微博, 8月13日 20:45,1,评论,5,iPhone 6 Plus,FgWCbjwuA,-1,5645,632
2239,转发微博, 8月13日 12:36,转发,评论,赞,iPhone 6 Plus,FgTpD6l2i,-1,5651,633
2240,转发微博, 8月13日 11:10,转发,1,2,iPhone 6 Plus,FgSQWcx8h,-1,5652,634
2241,转发微博, 8月13日 11:10,转发,1,9,iPhone 6 Plus,FgSQQjpYd,-1,5653,635
2242,转发微博, 8月13日 11:10,转发,评论,3,iPhone 6 Plus,FgSQO0AgL,-1,5654,636
2243,转发微博, 8月13日 11:10,转发,评论,6,iPhone 6 Plus,FgSQKFanu,-1,5655,637
2244,转发微博, 8月13日 11:10,转发,1,5,iPhone 6 Plus,FgSQI5u10,-1,5656,638
2245,转发微博, 8月13日 09:01,5,2,10064,iPhone 6 Plus,FgS0sxumG,-1,5657,639
2247,转发微博, 8月12日 19:05,转发,1,4,iPhone 6 Plus,FgMxdaUiI,-1,5659,640
2248,转发微博, 8月12日 18:45,1,2,5,iPhone 6 Plus,FgMp7Dgut,-1,5660,641
2251,转发微博, 8月12日 15:32,3,1,3,iPhone 6 Plus,FgL8waaMD,-1,5663,642
2252,转发微博, 8月12日 15:31,2,3,3,iPhone 6 Plus,FgL8nwI3R,-1,5664,643
2253,转发微博, 8月12日 15:31,2,评论,4,iPhone 6 Plus,FgL85yFaS,-1,5665,644
2254,转发微博, 8月12日 15:30,2,1,5,iPhone 6 Plus,FgL80vDuP,-1,5666,645
2256,转发微博, 8月12日 10:48,转发,评论,1,iPhone 6 Plus,FgJhjuHky,-1,5668,646
2257,转发微博, 8月12日 10:48,1,1,16,iPhone 6 Plus,FgJhh70YG,-1,5669,647
2258,转发微博, 8月12日 10:39,转发,1,1,iPhone 6 Plus,FgJdwCJNk,-1,5670,648
2259,转发微博, 8月12日 10:31,1,1,4,iPhone 6 Plus,FgJau57vb,-1,5671,649
2260,转发微博, 8月12日 10:30,1,1,4,iPhone 6 Plus,FgJ9VbXsP,-1,5672,650
2261,转发微博, 8月12日 10:22,转发,评论,5,iPhone 6 Plus,FgJ6VC969,-1,5673,651
2262,转发微博, 8月12日 10:22,转发,评论,3,iPhone 6 Plus,FgJ6RsmK6,-1,5674,652
2263,转发微博, 8月12日 10:22,2,评论,3,iPhone 6 Plus,FgJ6Ly7kp,-1,5675,653
2277,转发微博, 8月11日 10:32,3,评论,3,360安全浏览器,FgzKpxA3u,-1,5689,654
2278,转发微博, 8月11日 10:31,转发,评论,赞,360安全浏览器,FgzJQ3Jly,-1,5690,655
2279,转发微博, 8月11日 10:30,2,评论,18,360安全浏览器,FgzJBjzOK,-1,5691,656
2280,转发微博, 8月11日 10:30,5,评论,16,360安全浏览器,FgzJvlJ8T,-1,5692,657
2291,//@四川交警:, 8月10日 22:28,2,评论,16,iPhone 6 Plus,Fgv0sunyG,-1,5703,658
2293,转发微博, 8月10日 20:47,2,评论,6,iPhone 6 Plus,FguluFzPY,-1,5705,659
2294,转发微博, 8月10日 20:31,转发,1,14,iPhone 6 Plus,Fguf75t3k,-1,5706,660
2295,转发微博, 8月10日 20:31,转发,2,13,iPhone 6 Plus,Fguf0wWEv,-1,5707,661
2296,转发微博, 8月10日 20:31,转发,评论,6,iPhone 6 Plus,FgueTtkdv,-1,5708,662
2297,转发微博, 8月10日 20:31,转发,评论,1,iPhone 6 Plus,FgueQvFaI,-1,5709,663
2298,转发微博, 8月10日 20:30,1,评论,赞,iPhone 6 Plus,FgueC2V6a,-1,5710,664
2299,转发微博, 8月10日 20:30,转发,评论,1,iPhone 6 Plus,Fguey984k,-1,5711,665
2300,转发微博, 8月10日 20:28,转发,评论,赞,iPhone 6 Plus,FgudYqauj,-1,5712,666
2306,转发微博, 8月10日 15:32,1,评论,3,360安全浏览器,Fgshwr0mJ,-1,5718,667
2307,转发微博, 8月10日 11:38,7,1,24,360安全浏览器,FgqKLsEBe,-1,5719,668
2316,转发微博, 8月10日 07:55,转发,评论,7,iPhone 6 Plus,FgphXcANe,-1,5728,669
2317,转发微博, 8月10日 07:54,1,评论,1,iPhone 6 Plus,FgphRwoLO,-1,5729,670
2318,//@四川交警:转发微博, 8月10日 07:54,2,1,123,iPhone 6 Plus,FgphGkNZu,-1,5730,671
2319,转发微博, 8月10日 07:54,1,评论,赞,iPhone 6 Plus,FgphB2VnL,-1,5731,672
2322,转发微博, 8月10日 07:19,1,评论,1,iPhone 6 Plus,Fgp3rndxH,-1,5734,673
2326,转发微博, 8月9日 18:52,1,评论,赞,iPhone 6 Plus,FgkasoqPq,-1,5738,674
2327,转发微博, 8月9日 18:52,1,评论,赞,iPhone 6 Plus,FgkajdxIQ,-1,5739,675
2332,转发微博, 8月9日 17:06,3,1,15,360安全浏览器,FgjtgE4Zn,-1,5744,676
2335,转发微博, 8月9日 14:02,1,评论,5,360安全浏览器,FgigM7cw5,-1,5747,677
2336,转发微博, 8月9日 14:02,2,评论,29,360安全浏览器,FgigHCY7W,-1,5748,678
2353,转发微博, 8月9日 01:13,5,评论,1,360安全浏览器,Fgdej4ydy,-1,5765,679
2354,转发微博, 8月9日 01:12,4,2,1,360安全浏览器,FgdebkK1Q,-1,5766,680
2355,转发微博, 8月9日 01:12,5,3,5,360安全浏览器,Fgde2bDK6,-1,5767,681
2356,转发微博, 8月9日 01:10,1,评论,1,360安全浏览器,FgddlmSTN,-1,5768,682
2357,转发微博, 8月9日 01:10,2,1,3,360安全浏览器,FgddgBNfM,-1,5769,683
2358,转发微博, 8月9日 01:10,2,1,1,360安全浏览器,Fgdd9fLxF,-1,5770,684
2514,转发微博, 7月30日 22:04,1,2,9,iPhone 6 Plus,FeP98kmb9,-1,5926,685
2745,@崇州交警大队, 7月14日 07:37,2,评论,9,iPhone 6 Plus,FciDe6oBx,-1,6157,686
2746,@新都交警大队, 7月13日 22:17,2,2,2,iPhone 6 Plus,FceYaiLAc,-1,6158,687
2747,@新津交警, 7月13日 21:59,1,评论,3,iPhone 6 Plus,FceQE0JyX,-1,6159,688
2748,@郫都交警, 7月13日 21:52,3,12,7,iPhone 6 Plus,FceO77sDo,-1,6160,689
2750,@成都高新交通, 7月13日 20:50,2,评论,9,iPhone 6 Plus,FceoDpxXF,-1,6162,690
2751,@成都高新交通, 7月13日 20:49,5,4,2,iPhone 6 Plus,Fceov89Ox,-1,6163,691
2752,@金堂交警, 7月13日 20:43,1,2,4,iPhone 6 Plus,FcelXjyJm,-1,6164,692
﻿序号,微博内容,发布时间,转发数,评论数,点赞数,设备源,微博ID,flag,dataID,dcID
1,转发微博,9月30日 14:30,1,评论,12,iPhone 6s,FocFMuF5Z,-1,6374,693
3,转发微博,9月30日 12:09,3,1,115,iPhone 6s,FobKuq0YJ,-1,6376,694
7,转发微博,9月29日 22:15,3,评论,6363,iPhone 6s,Fo6i4oEMh,-1,6380,695
20,转发微博,9月27日 17:26,转发,评论,69,iPhone 6s,FnLxO7HBI,-1,6393,696
21,转发微博,9月27日 17:25,12,1,7,iPhone 6s,FnLx8qdgM,-1,6394,697
34,转发微博,9月25日 09:26,1,评论,7120,iPhone 6s,Fnpy6qRzN,-1,6407,698
39,转发微博,9月24日 10:38,2,评论,7,iPhone 6s,FngANa9H7,-1,6412,699
40,,9月23日 13:04,转发,评论,11,iPhone 6s,Fn87fz0fY,-1,6413,700
50,转发微博,9月21日 15:50,2,评论,74,iPhone客户端,FmQlMljqY,-1,6423,701
61,,9月19日 20:11,4,1,762,iPhone 7,FmzcQekfM,-1,6434,702
64,转发微博,9月19日 14:50,1,评论,赞,360安全浏览器,Fmx6tEujJ,-1,6437,703
72,转发微博,9月17日 23:35,3,1,14,iPhone 7,FmhGpE31F,-1,6445,704
79,转发微博,9月16日 23:04,1,评论,12,iPhone 7,Fm83x6mOn,-1,6452,705
103,,9月11日 22:48,4,评论,450,iPhone 7,FlmOsdOWc,-1,6476,706
104,转发微博,9月11日 22:47,3,评论,5,iPhone 7,FlmO8pB1u,-1,6477,707
110,转发微博,9月10日 20:14,1,评论,4,iPhone 7,FlcnDdBo2,-1,6483,708
113,转发微博,9月10日 18:56,1,评论,42,iPhone 7,FlbRHETjK,-1,6486,709
114,转发微博,9月9日 22:08,1,评论,1,iPhone 7,Fl3Hhk6XJ,-1,6487,710
118,转发微博,9月9日 19:37,3,评论,9,iPhone 7,Fl2HRBz2L,-1,6491,711
121,转发微博,9月8日 23:58,1,4,120,iPhone 7,FkUZoAocY,-1,6494,712
142,转发微博,9月5日 15:57,转发,评论,21,iPhone客户端,FkpyO2q8M,-1,6515,713
148,,9月4日 11:31,2,评论,99,360安全浏览器,Fkeo36Y2m,-1,6521,714
152,转发微博,9月3日 23:28,3,评论,135,iPhone 7,Fk9ELqqGm,-1,6525,715
155,转发微博,9月2日 23:17,4,2,22,iPhone 7,Fk09Qlo6G,-1,6528,716
157,,9月2日 18:47,1,评论,116,iPhone 7,FjYoitkMb,-1,6530,717
189,,8月29日 12:00,4,评论,19621,微博搜索,Fjk0W4c0g,-1,6562,718
193,,8月28日 17:01,4,评论,11,360安全浏览器,FjcyF6Sxy,-1,6566,719
199,转发微博,8月27日 17:30,1,评论,8,iPhone 7,Fj3jXhfZJ,-1,6572,720
200,转发微博,8月27日 17:28,转发,评论,16,iPhone 7,Fj3iZ1QjP,-1,6573,721
202,转发微博,8月26日 23:35,3,3,113,iPhone 7,FiWhztUq5,-1,6575,722
221,,8月23日 17:11,转发,评论,8,360安全浏览器,Firu9Bt5u,-1,6594,723
227,转发微博,8月22日 17:12,3,1,20,360安全浏览器,Fii40lS7p,-1,6600,724
230,转发微博,8月22日 10:25,1,评论,7,360安全浏览器,FifoS6Ttm,-1,6603,725
241,转发微博,8月20日 14:33,6,评论,32,iPhone 7,FhYaBlAWG,-1,6614,726
245,转发微博,8月19日 20:12,1,1,1099,iPhone 7,FhQXM4Ae6,-1,6618,727
247,,8月19日 19:25,1,评论,83,iPhone 7,FhQEtjXAb,-1,6620,728
257,转发微博,8月18日 16:37,1,评论,1,iPhone客户端,FhG844gvP,-1,6630,729
276,,8月15日 10:37,4,评论,176,360安全浏览器,Fhbuz71cR,-1,6649,730
287,,8月13日 11:05,转发,评论,9,iPhone 7,FgSOR55tA,-1,6660,731
288,转发微博,8月13日 11:04,转发,2,3,iPhone 7,FgSOczhYG,-1,6661,732
290,,8月12日 19:27,转发,1,17,iPhone 7,FgMFQhtdl,-1,6663,733
299,,8月11日 16:35,4,评论,79,360安全浏览器,FgC7JcmjG,-1,6672,734
300,,8月11日 16:03,2,1,124,360安全浏览器,FgBUPz98V,-1,6673,735
303,,8月11日 10:35,1,评论,13656,360安全浏览器,FgzLL9qtM,-1,6676,736
304,转发微博,8月11日 09:35,4,评论,268,360安全浏览器,FgznlEaYU,-1,6677,737
308,,8月10日 10:55,2,1,15,360安全浏览器,Fgqtm5FcO,-1,6681,738
327,转发微博,8月9日 05:07,10,2,98,iPhone 7,FgeLrCrvI,-1,6700,739
336,转发微博,8月8日 22:08,2,27,14710,iPhone客户端,Fgc1xDvi8,-1,6709,740
341,转发微博,8月8日 19:44,转发,1,12,360安全浏览器,Fgb52cQNs,-1,6714,741
345,转发微博,8月7日 17:09,2,评论,28,360安全浏览器,Fg0DnrF1n,-1,6718,742
347,,8月7日 11:35,2,4,369,360安全浏览器,FfYrYi26E,-1,6720,743
348,转发微博,8月7日 11:08,4,评论,69,360安全浏览器,FfYgXFsaV,-1,6721,744
351,转发微博,8月6日 20:45,3,1,33,iPhone 7,FfSCvhyoS,-1,6724,745
355,转发微博,8月5日 23:05,1,评论,赞,iPhone 7,FfK6T9bVz,-1,6728,746
356,转发微博,8月5日 23:04,3,评论,4,iPhone 7,FfK6AarR7,-1,6729,747
367,转发微博,8月3日 16:46,1,评论,赞,360安全浏览器,FfoM2k87N,-1,6740,748
371,转发微博,8月3日 10:55,1,评论,10,iPhone客户端,FfmtPpYK1,-1,6744,749
382,,8月1日 19:12,5,评论,101,360安全浏览器,Ff6St9wRg,-1,6755,750
391,,7月31日 09:37,转发,评论,9908,360安全浏览器,FeTGxCj2q,-1,6764,751
393,转发微博,7月30日 22:36,1,评论,5,iPhone 7,FePmo54rE,-1,6766,752
401,转发微博,7月30日 08:02,转发,评论,388252,iPhone客户端,FeJDxgBcI,-1,6774,753
409,转发微博,7月29日 13:41,1,评论,8,iPhone 7,FeCqqc6uj,-1,6782,754
418,转发微博,7月27日 19:33,1,评论,64,360安全浏览器,FelSjnEQu,-1,6791,755
423,,7月27日 15:17,2,评论,212,360安全浏览器,Fekcp5JC3,-1,6796,756
446,转发微博,7月23日 23:29,7,评论,18,iPhone 7,FdLIjcTli,-1,6819,757
447,,7月23日 23:28,3,1,40,iPhone 7,FdLHUnKVd,-1,6820,758
452,,7月22日 22:36,1,评论,5,iPhone 7,FdBW9DXxF,-1,6825,759
465,转发微博,7月20日 15:09,2,评论,1,360安全浏览器,Fdg9U5p92,-1,6838,760
471,?,7月19日 11:31,3,评论,15922,iPhone客户端,Fd5iYmfU3,-1,6844,761
486,转发微博,7月16日 15:06,1,评论,38,iPhone 7,FcEqGtkSn,-1,6859,762
497,转发微博,7月14日 21:46,1,评论,82,iPhone 7,FcocbyXqQ,-1,6870,763
498,,7月14日 20:08,2,4,3,iPhone 7,FcnyddsIA,-1,6871,764
501,转发微博,7月13日 17:33,6,评论,6,360安全浏览器,Fcd6FlV6F,-1,6874,765
502,转发微博,7月13日 16:25,3,评论,赞,360安全浏览器,FccFnBLvY,-1,6875,766
506,,7月12日 17:15,1,评论,2,360安全浏览器,Fc3z28TJe,-1,6879,767
523,转发微博,7月9日 22:28,3,评论,98,iPhone 7,FbDkDs47B,-1,6896,768
524,转发微博,7月9日 22:27,6,2,1,iPhone 7,FbDk6kOJR,-1,6897,769
529,转发微博,7月8日 21:11,6,评论,4,iPhone 7,FbtoSv8bu,-1,6902,770
537,转发微博,7月7日 16:23,3,评论,17,iPhone 7,Fbi5y0mPa,-1,6910,771
539,,7月6日 17:00,3,评论,36,360安全浏览器,Fb8TWuEAz,-1,6912,772
540,,7月6日 16:34,2,评论,4,360安全浏览器,Fb8JpuBcj,-1,6913,773
549,,7月4日 17:16,5,2,712,360安全浏览器,FaQ9qmD5B,-1,6922,774
557,,7月3日 16:19,5,评论,10,360安全浏览器,FaGlK0509,-1,6930,775
560,转发微博,7月3日 09:45,4,评论,赞,360安全浏览器,FaDLN0zv2,-1,6933,776
561,,7月2日 19:48,1,评论,153,iPhone 7,FayihAS3w,-1,6934,777
563,,7月2日 19:34,1,评论,125,iPhone 7,FaycjB0og,-1,6936,778
564,转发微博,7月2日 19:26,2,评论,16,iPhone 7,Fay93tHhk,-1,6937,779
568,转发微博,7月1日 12:42,2,1,21,iPhone 7,Fam4U4pge,-1,6941,780
569,,7月1日 12:39,转发,评论,177523,iPhone 7,Fam3CfhTz,-1,6942,781
570,,7月1日 12:36,转发,评论,38659,iPhone 7,Fam2ufrto,-1,6943,782
﻿序号,微博内容,发布时间,转发数,评论数,点赞数,设备源,微博ID,flag,dataID,dcID
197,???,9月26日 16:13,46,67,108,小米,FnBDFjeGc,-1,7141,783
241,,9月25日 18:23,71,67,407,小米,Fnt3KAaSI,-1,7185,784
317,,9月23日 21:26,858,795,397,小米,FnbpllrUJ,-1,7261,785
501,,9月19日 14:39,61,37,4197,360安全浏览器,Fmx25ttPq,-1,7445,786
696,,9月14日 09:53,233,14,125,小米,FlK1l2f9l,-1,7640,787
736,,9月13日 10:09,175,229,5342,360安全浏览器,FlAHm5sc1,-1,7680,788
761,,9月12日 17:08,47,28,229,360安全浏览器,Flu0RqxVG,-1,7705,789
812,????,9月11日 15:49,18269,16028,65141,360安全浏览器,Flk4t9MpH,-1,7756,790
857,,9月10日 15:10,33,33,80,小米,FlanYE5hG,-1,7801,791
1102,转发微博,9月4日 19:14,56,93,52,360安全浏览器,Fkhq05A4J,-1,8046,792
1103,,9月4日 19:12,57,49,20,360安全浏览器,Fkhpb0bvP,-1,8047,793
1113,,9月4日 15:25,144,181,100,360安全浏览器,FkfVp18uf,-1,8057,794
1154,,9月3日 15:45,33,45,1509,小米,Fk6CElFTH,-1,8098,795
1178,转发微博,9月2日 23:33,19,594,19709,小米,Fk0gkx4R4,-1,8122,796
1228,转发微博,9月1日 14:31,102,372,1628,小米,FjNhN6kDY,-1,8172,797
1312,,8月30日 14:41,131,50,80353,小米,FjuuVzoYa,-1,8256,798
1389,,8月28日 17:57,100,74,254,小米,FjcVqpdbD,-1,8333,799
1504,,8月25日 16:42,175,100,445,360安全浏览器,FiK9inkR6,-1,8448,800
1508,,8月25日 15:38,88,33,30766,360安全浏览器,FiJJoEicH,-1,8452,801
1565,,8月24日 11:02,39,12,26,360安全浏览器,FiyuMmS4F,-1,8509,802
1701,,8月21日 10:16,89,105,215,360安全浏览器,Fi5UQAHXy,-1,8645,803
1730,,8月20日 12:40,61,47,1499,小米,FhXqBxfkh,-1,8674,804
1785,,8月18日 22:22,37,42,12838,小米,FhIoaAfRn,-1,8729,805
1818,,8月18日 09:02,148,50,971,小米,FhD9tif9y,-1,8762,806
1834,,8月17日 21:51,84,133,1210,小米,FhyL8izKK,-1,8778,807
1836,,8月17日 21:47,53,38,235,小米,FhyJ95IWB,-1,8780,808
1990,#微博辟谣#,8月14日 14:18,167,92,5027,小米,Fh3vqFk7D,-1,8934,809
2074,,8月12日 13:20,24,42,3230,小米,FgKh5o4Wz,-1,9018,810
2075,#微博辟谣#,8月12日 12:36,-1,176,158,小米,FgJZizJt7,-1,9019,811
2140,#微博辟谣#,8月10日 21:57,46,19,64,小米,FguNSoD8M,-1,9084,812
2223,,8月9日 08:29,136,44,32339,小米,Fgg5xtRjo,-1,9167,813
2225,,8月9日 07:49,130,51,5453,小米,FgfPg4X6Y,-1,9169,814
2245,,8月8日 22:52,176,94,1197,小米,Fgcji6QxS,-1,9189,815
2303,#微博辟谣#,8月7日 18:27,111,137,10428,360安全浏览器,Fg18ZaUAo,-1,9247,816
2373,转发微博,8月5日 22:17,31,39,457,搜狗高速浏览器,FfJNF7lbA,-1,9317,817
2418,,8月4日 17:39,357,256,2159,360安全浏览器,Ffyy8iXY8,-1,9362,818
2461,,8月3日 17:44,105,87,59,360安全浏览器,Ffp9Pq8Xo,-1,9405,819
2563,,8月1日 09:52,-1,26,54,360安全浏览器,Ff3d0pImi,-1,9507,820
2592,,7月31日 17:13,69,63,79,360安全浏览器,FeWFRfRaR,-1,9536,821
2623,,7月30日 21:46,147,169,216,搜狗高速浏览器,FeP1Tt6RJ,-1,9567,822
2624,,7月30日 21:41,85,31,25,搜狗高速浏览器,FeOZUeeBB,-1,9568,823
2715,,7月28日 10:46,199,215,605,360安全浏览器,FerRcfbj6,-1,9659,824
2732,,7月27日 21:47,74,66,103,小米,FemKWyDXd,-1,9676,825
2859,转发微博,7月24日 19:45,81,15,112,小米,FdTG3j4VQ,-1,9803,826
3096,,7月18日 18:57,48,52,9416,小米,FcYNqsf4M,-1,10040,827
3159,,7月16日 21:32,105,158,61,小米,FcGXcr4eJ,-1,10103,828
3246,,7月14日 13:10,70,43,94,360安全浏览器,FckOIlwwu,-1,10190,829
3352,转发微博,7月11日 19:35,54,39,1719,小米,FbV3eqnJD,-1,10296,830
3446,,7月8日 20:51,106,49,82,小米,FbtgTvAce,-1,10390,831
﻿序号,微博内容,发布时间,转发数,评论数,点赞数,设备源,微博ID,flag,dataID,dcID
12,, 8月28日 13:56,13,20,15,iPhone 7 Plus,FjblB8HU6,-1,10706,832
29,战友们注意安全啊！@国资小新, 8月9日 09:58,34,7,10,iPhone 7 Plus,FggFE8s9f,-1,10723,833
37,电力大哥好样的！, 8月2日 14:07,10,35,5,微博 weibo.com,Ffejjq0FQ,-1,10731,834
38,向高温下的劳动者致敬！, 7月31日 14:27,11,11,24,iPhone 7 Plus,FeVAhb1pe,-1,10732,835
42,战高温保供电, 7月19日 21:45,7,75,42,iPhone 7 Plus,Fd9ka8kPd,-1,10736,836
43,强根铸魂??????踏石留印, 7月19日 19:40,6,5,18,微博 weibo.com,Fd8vutnPI,-1,10737,837
﻿序号,微博内容,发布时间,转发数,评论数,点赞数,设备源,微博ID,flag,dataID,dcID
13,魔性的笑声~~, 9月25日 10:41,转发,评论,7532,搜狗高速浏览器,Fnq2lkwn4,-1,10764,838
14,转发微博, 9月25日 10:31,转发,评论,22036,搜狗高速浏览器,FnpYmipuy,-1,10765,839
20,转发微博, 9月24日 09:59,转发,评论,163,iPhone 6,FngkTnc6Q,-1,10771,840
58,有口好呀，可劲儿乐, 9月20日 16:02,转发,评论,871,搜狗高速浏览器,FmH09xOna,-1,10809,841
61,【电力之歌】#电力人原创#（国网遂宁供电公司 杨晓芬） ????????, 9月20日 15:00,转发,评论,赞,微博 weibo.com,FmGAODPjV,-1,10812,842
79,物质的贫乏，不会影响灵魂的奢华, 9月19日 15:41,转发,评论,62770,微博 weibo.com,Fmxr5F5nh,-1,10830,843
121,走起走起~, 9月15日 16:54,转发,2,295,微博 weibo.com,FlWcAtS1Z,-1,10872,844
122,这么嚣张的假粉丝也是醉了, 9月15日 16:30,转发,评论,11188,皮皮时光机,FlW2SgQo3,-1,10873,845
131,【我们身边的故事】#串门“哥老倌”# ????????, 9月15日 11:25,1,1,2,微博 weibo.com,FlU3naF3R,-1,10882,846
134,#走遍中国，央视为您揭秘戈壁中的神秘发电#, 9月15日 10:00,转发,评论,13,皮皮时光机,FlTuzvKgh,-1,10885,847
155,#快来看看，有没有你的家乡？#, 9月14日 09:29,转发,评论,赞,微博 weibo.com,FlJRRAbLi,-1,10906,848
169,转发微博, 9月13日 14:10,转发,评论,61,微博 weibo.com,FlChooxVy,-1,10920,849
205,#涨姿势#到底该如何正确充电呢？, 9月11日 16:49,2,1,9,Android客户端,FlksEtTvr,-1,10956,850
284,# 通上动力电一年省两千#, 9月6日 14:11,转发,评论,10,微博 weibo.com,Fkyi3zDSm,-1,11035,851
329,转发微博, 9月4日 10:00,转发,评论,845,微博 weibo.com,FkdNc4EG5,-1,11080,852
373,转发微博, 8月29日 08:56,转发,评论,8,微博 weibo.com,FjiOilhTh,-1,11124,853
385,转发微博, 8月26日 08:48,2,1,1,iPhone 6,FiQtBfK3E,-1,11136,854
405,, 8月24日 08:40,转发,评论,6,微博 weibo.com,Fixzt9FWE,-1,11156,855
431,#九寨沟县7.0级地震# 四年前。我们接受支援；四年后，我们以感恩之心点亮灾区！ ????????, 8月21日 14:00,2,评论,3,微博 weibo.com,Fi7nzfYq2,-1,11182,856
441,, 8月18日 16:07,转发,评论,1,微博 weibo.com,FhFVHxhZA,-1,11192,857
446,转发微博, 8月18日 11:27,转发,评论,13,360安全浏览器,FhE5ZFMQv,-1,11197,858
469,转发微博, 8月16日 10:52,转发,评论,7,360安全浏览器,Fhl13nsvZ,-1,11220,859
487,转发微博, 8月15日 09:20,1,1,56,360安全浏览器,FhaZ5BtFR,-1,11238,860
508,转发微博, 8月12日 09:51,转发,评论,543,华为P9手机摄影再突破,FgIUpmOp6,-1,11259,861
509,, 8月12日 09:29,转发,评论,12,华为P9手机摄影再突破,FgILhwZYP,-1,11260,862
556,, 8月9日 21:47,转发,1,20,华为P9手机摄影再突破,FgljfBgvi,-1,11307,863
560,转发微博, 8月9日 17:24,转发,评论,20682,360安全浏览器,FgjAx0iuA,-1,11311,864
587,转发微博, 8月9日 00:46,2,评论,1,微博 weibo.com,Fgd3oCYRL,-1,11338,865
593,国网阿坝若尔盖公司应急队伍理解出发。 ????????, 8月8日 22:15,6,12,14,Android客户端,Fgc4d9hnJ,-1,11344,866
596,转发微博, 8月8日 21:24,1,评论,3396,Android客户端,FgbJt93Gf,-1,11347,867
597,凉山加油！希望所有人平安, 8月8日 16:53,2,评论,11,微博 weibo.com,Fg9Xxm49e,-1,11348,868
643,转发微博, 8月2日 17:33,转发,评论,13,360安全浏览器,FffEPlmLg,-1,11394,869
650,四川人民，加油！！！, 8月2日 11:14,1,评论,286,华为P9手机摄影再突破,FfdaLxyTb,-1,11401,870
651,, 8月2日 11:11,1,评论,1,华为P9手机摄影再突破,Ffd9Gv4Pc,-1,11402,871
653,转发微博, 8月2日 10:46,2,评论,15,360安全浏览器,FfcZI1YWO,-1,11404,872
661,转发微博, 8月1日 16:31,转发,评论,12,360安全浏览器,Ff5Ph6DFK,-1,11412,873
662,电改红利释放。, 8月1日 16:22,转发,评论,6,360安全浏览器,Ff5Lx8mpW,-1,11413,874
669,转发微博, 8月1日 09:57,1,1,12,360安全浏览器,Ff3fjd0ra,-1,11420,875
688,转发微博, 7月29日 16:51,转发,评论,7,Android客户端,FeDFBsiXZ,-1,11439,876
714,, 7月27日 14:30,转发,1,11,华为P9手机摄影再突破,FejTy6p2e,-1,11465,877
723,转发微博, 7月25日 15:23,转发,评论,11,360安全浏览器,Fe1o6lXa8,-1,11474,878
724,, 7月25日 14:13,转发,1,12,华为P9手机摄影再突破,Fe0VGgVdt,-1,11475,879
731,, 7月25日 08:45,1,评论,29,360安全浏览器,FdYMl1xfr,-1,11482,880
757,, 7月18日 10:14,转发,评论,18,微博 weibo.com,FcVn9zFe2,-1,11508,881
760,转发微博, 7月17日 14:19,转发,评论,17,微博 weibo.com,FcNyclvTC,-1,11511,882
762,转发微博, 7月14日 15:03,转发,2,5,微博 weibo.com,Fclyt7tQj,-1,11513,883
767,转发微博, 7月13日 21:19,转发,评论,2,微博 weibo.com,FceAE3fOU,-1,11518,884
772,, 7月12日 14:57,转发,评论,14,微博 weibo.com,Fc2ESFLBH,-1,11523,885
791,转发微博, 7月5日 14:42,转发,评论,11,微博 weibo.com,FaYzj63JG,-1,11542,886
796,转发微博, 7月3日 16:51,转发,评论,16,微博 weibo.com,FaGyIBRwm,-1,11547,887
﻿序号,微博内容,发布时间,转发数,评论数,点赞数,设备源,微博ID,flag,dataID,dcID
20,转发微博,9月29日 11:15,3,2,1,微博 weibo.com,Fo1YhCkU9,-1,11570,888
21,转发微博,9月29日 11:15,1,1,1,微博 weibo.com,Fo1Ye3HG7,-1,11571,889
251,转发微博,9月7日 20:06,1,1,赞,华为P9手机摄影再突破,FkK2yoHX7,-1,11801,890
256,,9月7日 12:55,1,1,1,华为P9手机摄影再突破,FkHdS4Ezz,-1,11806,891
288,,9月5日 10:16,转发,评论,1553,微博 weibo.com,Fknkd8BlF,-1,11838,892
292,转发微博,9月5日 09:17,2,2,赞,微博 weibo.com,FkmWhaXCu,-1,11842,893
318,转发微博,9月1日 14:32,4,2,68,微博 HTML5 版,FjNi9u3NY,-1,11868,894
488,,8月11日 21:29,1,1,1,华为P9手机摄影再突破,FgE35rjdx,-1,12038,895
489,转发微博,8月11日 21:29,-1,1,3,华为P9手机摄影再突破,FgE2R3pc2,-1,12039,896
514,转发微博,8月10日 12:21,1,1,3,华为P9手机摄影再突破,Fgr1UnCGS,-1,12064,897
515,,8月10日 12:20,2,2,2,华为P9手机摄影再突破,Fgr1R7Mu1,-1,12065,898
516,,8月10日 12:18,1,1,3,华为P9手机摄影再突破,Fgr0Se0i0,-1,12066,899
610,转发微博,8月1日 10:22,1,2,4,微博 weibo.com,Ff3plc9tL,-1,12160,900
613,转发微博,8月1日 09:45,3,1,1964,微博 weibo.com,Ff3ah7YmN,-1,12163,901
650,//@健康双流: 转发微博,7月27日 14:17,2,1,1505,微博 weibo.com,FejOoDPvT,-1,12200,902
764,转发微博,7月13日 15:49,3,评论,42,微博 HTML5 版,FccqCcIEz,-1,12314,903
﻿序号,微博内容,发布时间,转发数,评论数,点赞数,设备源,微博ID,flag,dataID,dcID
49,,9月25日 12:12,1,2,8,微博 weibo.com,FnqD8b42n,-1,12487,904
419,,7月27日 16:32,1,评论,3,360安全浏览器,FekHbmvr9,-1,12857,905
455,,7月21日 09:54,转发,评论,赞,360安全浏览器,FdnwjzGG4,-1,12893,906
﻿序号,微博内容,发布时间,转发数,评论数,点赞数,设备源,微博ID,flag,dataID,dcID
﻿序号,微博内容,发布时间,转发数,评论数,点赞数,设备源,微博ID,flag,dataID,dcID
﻿序号,微博内容,发布时间,转发数,评论数,点赞数,设备源,微博ID,flag,dataID,dcID
44,转发微博, 8月29日 19:51,转发,评论,15,360安全浏览器,Fjn6b0eTX,-1,17944,907
59,转发微博, 8月23日 21:45,转发,评论,6,360安全浏览器,FithtoDoD,-1,17959,908
74,转发微博, 8月16日 19:37,1,评论,32,360安全浏览器,Fhoseqj11,-1,17974,909
77,, 8月15日 16:02,转发,2,19,360安全浏览器,FhdCqtHRH,-1,17977,910
79,, 8月15日 15:40,1,评论,5,360安全浏览器,FhdtlhqMv,-1,17979,911
80,, 8月15日 13:30,转发,评论,8,360安全浏览器,FhcCAafIV,-1,17980,912
81,转发微博, 8月15日 13:26,转发,评论,7,360安全浏览器,FhcB6ylzV,-1,17981,913
83,, 8月15日 11:28,转发,评论,69,360安全浏览器,FhbP6DtsS,-1,17983,914
84,//@阿坝防震减灾: 转发微博, 8月15日 11:27,转发,评论,1,360安全浏览器,FhbOMgM7o,-1,17984,915
85,//@阿坝防震减灾: 转发微博, 8月15日 11:27,转发,评论,3,360安全浏览器,FhbOHxVUH,-1,17985,916
86,, 8月15日 11:27,1,评论,29,360安全浏览器,FhbOArC8O,-1,17986,917
88,转发微博, 8月14日 23:05,2,评论,1,360安全浏览器,Fh6XiAbrQ,-1,17988,918
89,转发微博, 8月14日 15:27,1,评论,1,360安全浏览器,Fh3XJ4GvI,-1,17989,919
90,转发微博, 8月14日 15:25,转发,评论,29,360安全浏览器,Fh3WWhv30,-1,17990,920
92,转发微博, 8月13日 20:49,1,评论,15,360安全浏览器,FgWDMC9QC,-1,17992,921
93,转发微博, 8月13日 20:33,1,评论,7,360安全浏览器,FgWxmifJb,-1,17993,922
96,转发微博, 8月13日 16:55,1,评论,赞,360安全浏览器,FgV6WAGqt,-1,17996,923
98,转发微博, 8月13日 16:32,转发,评论,56,360安全浏览器,FgUXmFNGP,-1,17998,924
100,转发微博, 8月13日 16:30,转发,评论,7,360安全浏览器,FgUWRjmuU,-1,18000,925
103,转发微博, 8月13日 10:56,转发,评论,6,360安全浏览器,FgSLghOuQ,-1,18003,926
104,, 8月13日 10:56,转发,评论,355,360安全浏览器,FgSL5oZEv,-1,18004,927
105,, 8月12日 18:01,转发,评论,3242,360安全浏览器,FgM773BUf,-1,18005,928
107,转发微博, 8月12日 17:12,转发,评论,1211,360安全浏览器,FgLNez7r7,-1,18007,929
109,转发微博, 8月12日 16:27,转发,1,17,360安全浏览器,FgLuZqlPn,-1,18009,930
110,, 8月12日 16:20,转发,1,111,360安全浏览器,FgLs2c8om,-1,18010,931
111,转发微博, 8月12日 12:09,转发,评论,12,360安全浏览器,FgJO7EX3t,-1,18011,932
112,转发微博, 8月12日 12:09,转发,评论,1,360安全浏览器,FgJO4sGqr,-1,18012,933
113,扩散, 8月12日 12:03,转发,评论,12,360安全浏览器,FgJLCe26k,-1,18013,934
115,转发微博, 8月11日 21:59,1,评论,15,360安全浏览器,FgEfhlo7S,-1,18015,935
119,转发微博, 8月11日 17:51,1,评论,37,360安全浏览器,FgCCJohzq,-1,18019,936
120,转发微博, 8月11日 17:44,1,评论,3,360安全浏览器,FgCzJeszi,-1,18020,937
121,, 8月11日 17:43,转发,评论,2,360安全浏览器,FgCzijhCg,-1,18021,938
122,转发微博, 8月11日 17:43,转发,评论,4,360安全浏览器,FgCz6byb6,-1,18022,939
123,转发微博, 8月11日 17:09,转发,评论,92,360安全浏览器,FgClncddS,-1,18023,940
124,, 8月11日 17:08,转发,评论,25,360安全浏览器,FgClelkUl,-1,18024,941
125,, 8月11日 17:08,2,评论,108,360安全浏览器,FgCkWzCtM,-1,18025,942
128,转发微博, 8月11日 11:50,1,1,14,360安全浏览器,FgAfUb4ft,-1,18028,943
131,转发微博, 8月10日 22:13,2,评论,23,360安全浏览器,FguUrgkjE,-1,18031,944
133,转发微博, 8月10日 20:37,转发,1,4224,360安全浏览器,Fguhtjc33,-1,18033,945
135,转发微博, 8月10日 17:37,1,评论,8,360安全浏览器,Fgt6i4XjH,-1,18035,946
136,转发微博, 8月10日 17:08,转发,评论,2,360安全浏览器,FgsUF1Jal,-1,18036,947
137,转发微博, 8月10日 16:41,转发,1,6,360安全浏览器,FgsJtcyZ4,-1,18037,948
139,转发微博, 8月10日 16:34,转发,评论,8,360安全浏览器,FgsGL4FoS,-1,18039,949
140,转发微博, 8月10日 16:34,1,评论,3,360安全浏览器,FgsGEAou1,-1,18040,950
141,转发微博, 8月10日 15:40,转发,评论,29,360安全浏览器,Fgsl13jqr,-1,18041,951
143,, 8月10日 15:05,转发,评论,8,360安全浏览器,Fgs6DvRdg,-1,18043,952
145,转发微博, 8月10日 14:13,转发,评论,2,360安全浏览器,FgrLnEzbv,-1,18045,953
146,转发微博, 8月10日 14:12,转发,1,23,360安全浏览器,FgrL49oCi,-1,18046,954
147,转发微博, 8月10日 13:52,转发,评论,4,360安全浏览器,FgrCXctyo,-1,18047,955
149,转发微博, 8月10日 13:22,1,1,8,360安全浏览器,FgrqOhkkp,-1,18049,956
150,转发微博, 8月10日 13:01,转发,评论,8490,360安全浏览器,Fgritb09p,-1,18050,957
151,转发微博, 8月10日 12:35,转发,评论,25,360安全浏览器,Fgr7M7odb,-1,18051,958
152,转发微博, 8月10日 12:28,转发,评论,21,360安全浏览器,Fgr53pRnm,-1,18052,959
154,转发微博, 8月10日 12:01,1,1,36,360安全浏览器,FgqTRgt1z,-1,18054,960
155,转发微博, 8月10日 12:00,转发,评论,44,360安全浏览器,FgqTL5kzV,-1,18055,961
158,转发微博, 8月10日 11:22,2,评论,4,360安全浏览器,FgqE6mMx4,-1,18058,962
159,转发微博, 8月10日 11:13,转发,评论,15,360安全浏览器,FgqAqzeeb,-1,18059,963
160,转发微博, 8月10日 11:07,1,评论,1410,360安全浏览器,FgqxT6vHj,-1,18060,964
163,转发微博, 8月10日 10:38,1,评论,34,360安全浏览器,FgqmeBjp5,-1,18063,965
164,转发微博, 8月10日 00:20,1,1,2,360安全浏览器,FgmjgzPuA,-1,18064,966
165,转发微博, 8月10日 00:18,转发,评论,28,360安全浏览器,Fgmis1BV2,-1,18065,967
167,转发微博, 8月9日 23:29,2,评论,58,360安全浏览器,FglYJiGbx,-1,18067,968
170,, 8月9日 23:07,2,评论,15655,360安全浏览器,FglPP1HCO,-1,18070,969
172,转发微博, 8月9日 21:56,转发,评论,8,360安全浏览器,Fgln2cSBZ,-1,18072,970
176,, 8月9日 20:47,转发,评论,82,360安全浏览器,FgkV0ak9Z,-1,18076,971
177,转发微博, 8月9日 18:07,转发,评论,9,360安全浏览器,FgjSeojB1,-1,18077,972
179,, 8月9日 17:39,2,1,158,360安全浏览器,FgjGvvTFj,-1,18079,973
180,转发微博, 8月9日 17:29,转发,1,11,360安全浏览器,FgjCMoMJx,-1,18080,974
188,转发微博, 8月9日 16:43,1,评论,28,360安全浏览器,FgjjL8ai5,-1,18088,975
193,, 8月9日 16:15,2,2,18,360安全浏览器,Fgj8G7n8X,-1,18093,976
194,转发微博, 8月9日 16:15,转发,评论,38,360安全浏览器,Fgj8B5ktU,-1,18094,977
195,, 8月9日 16:01,转发,1,5,360安全浏览器,Fgj34jF9o,-1,18095,978
196,, 8月9日 15:42,1,评论,25,360安全浏览器,FgiVdlf03,-1,18096,979
198,转发微博, 8月9日 15:09,转发,评论,372,360安全浏览器,FgiHFwiW2,-1,18098,980
199,转发微博, 8月9日 14:58,转发,评论,5,360安全浏览器,FgiDervFE,-1,18099,981
200,转发微博, 8月9日 14:42,转发,评论,7,360安全浏览器,FgiwZnf6I,-1,18100,982
201,转发微博, 8月9日 14:36,转发,评论,29,360安全浏览器,FgiuhvRQa,-1,18101,983
202,转发微博, 8月9日 14:30,转发,评论,10,360安全浏览器,Fgis5iZkN,-1,18102,984
203,转发微博, 8月9日 14:23,转发,评论,9,360安全浏览器,Fgip6CRGs,-1,18103,985
207,, 8月9日 13:54,4,2,16,360安全浏览器,Fgidps5X8,-1,18107,986
208,, 8月9日 13:54,2,评论,1,360安全浏览器,Fgidao22G,-1,18108,987
209,转发微博, 8月9日 13:44,1,评论,3,360安全浏览器,Fgi9cdZLS,-1,18109,988
211,转发微博, 8月9日 13:41,转发,评论,6,360安全浏览器,Fgi88n4Pr,-1,18111,989
213,转发微博, 8月9日 13:26,转发,评论,5,360安全浏览器,Fgi2a5TEW,-1,18113,990
214,转发微博, 8月9日 13:26,转发,评论,4,360安全浏览器,Fgi1QzsFm,-1,18114,991
217,, 8月9日 13:09,1,评论,61964,360安全浏览器,FghUUoi26,-1,18117,992
218,转发微博, 8月9日 12:53,转发,评论,21,360安全浏览器,FghOrEHu6,-1,18118,993
223,转发微博, 8月9日 11:43,转发,评论,15,360安全浏览器,Fghm7wYXM,-1,18123,994
224,转发微博, 8月9日 11:24,1,评论,3213,360安全浏览器,FghespYr3,-1,18124,995
225,转发微博, 8月9日 11:23,1,1,86,360安全浏览器,FghdV0VFk,-1,18125,996
271,转发微博, 7月20日 20:29,转发,评论,1839,360安全浏览器,FdifXuGuG,-1,18171,997
301,, 7月1日 17:22,转发,评论,6,360安全浏览器,FanUkuN7w,-1,18201,998
﻿序号,微博内容,发布时间,转发数,评论数,点赞数,设备源,微博ID,flag,dataID,dcID
80,转发微博, 8月10日 16:24,3,3,2,360安全浏览器,FgsCNcB3W,-1,18281,999
101,转发微博, 8月9日 01:26,7,7,185,360安全浏览器,FgdjV84Q3,-1,18302,1000
104,转发微博, 8月9日 00:13,9,10,31,360安全浏览器,FgcPXkLrn,-1,18305,1001
﻿序号,微博内容,发布时间,转发数,评论数,点赞数,设备源,微博ID,flag,dataID,dcID
1836,, 7月1日 15:14,84,4,21,iPhone 6s,Fan4rtqoy,-1,20188,1002
