序号,微博内容,发布时间,转发数,评论数,点赞数,设备源,微博ID,flag
1,【广元绵阳国省干线公路畅通！青川5.4级地震交通运输情况汇总】#四川青川地震# “9·30”四川青川5.4级地震发生后，在省委省政府的统一安排部署下，四川省交通运输厅高度重视，立即行动，指导市县迅速开展交通抢险救灾工作。具体情况戳图↓↓,9月30日 23:54,1,3,3,微博 weibo.com,Fogmy7omS,0
2,#四川交通出行# G213线茂县石大关处国庆期间管制通行方案：上午7点至12点允许茂县至松潘方向车辆通行，下午1点至6点允许松潘至茂县方向车辆通行,9月30日 22:16,4,5,2,iPhone 6s Plus,FofIWikeD,0
3,#四川青川地震#目前绵阳、广元高速公路通行正常，广元市和青川县、绵阳市交通部门已上路查看，暂未接到公路明显受灾报告。我厅已要求密切关注相关区域，做好隐患排查，遇有灾情及时报告。 ????,9月30日 15:28,17,13,6,微博 weibo.com,Fod3surgm,0
4,【10月出行注意！达万、绵遂等多条高速有施工情况！】#四川交通出行#10月出行注意啦！成德南、达万、巴南等等高速部分路段将施工占道，部分高速因施工将道路封闭，需绕行。为了大家能出行顺利，请在出行前查询路况信息，做好绕行准备，注意安全！,9月30日 15:12,2,1,赞,微博 weibo.com,FocX0qWEF,0
5,#地震快讯#省政府新闻办权威发布，据四川省地震局测定，09月30日14时14分在四川广元市青川县（北纬32.27度，东经105.00度）发生5.4级地震，震源深度13千米。,9月30日 14:36,4,1,164,微博 weibo.com,FocI4kKVw,0
6,#地震快讯#中国地震台网自动测定：09月30日14时14分在四川绵阳市江油市附近（北纬32.25度，东经105.07度）发生5.4级左右地震，最终结果以正式速报为准。（ @中国地震台网速报 ）,9月30日 14:20,3,1,149,微博 weibo.com,FocBIebLJ,0
7,【“达州通”刷卡机亮相 市民有望扫码坐公交】#市州动态#目前，达州市已经安装了200余台“达州通”刷卡机，下个月达州市民便可使用！目前达城有373台公交车，从26日晚到现在，工作人员已安装了200余台“达州通”刷卡机，接下来将对11路、13路、15路等线路公交车进行安装。,9月30日 13:38,转发,2,3,微博 weibo.com,FockFbQ4F,0
8,【成都交委发布：普通国省干线及旅游公路通行情况】#市州动态#近日，成都市交委发布近期市域普通国省干线公路及重要旅游公路通行情况，为市民“双节”出行提供交通指南。详戳↓↓ ????,9月30日 11:15,2,1,1,微博 weibo.com,FoboKnwIf,0
9,【成安渝高速今天下午2点全线通车】#市州动态#成安渝高速公路全线将于今日下午2点通车。这就意味着，作为连接成渝两地距离最短、路线最优、建设标准最高的高速公路全线建成通车。新开通的成安渝主线站至成都第二绕城高速公路段长24公里，设置了成都主线收费站、龙泉驿收费站和洛带收费站3个收费 ????...展开全文c,9月30日 09:28,6,4,3,微博 weibo.com,FoaHjfXTX,0
10,#四川晚安#国庆大假有朋友打算自驾游吗？准备去哪儿？ ????,9月29日 22:30,转发,4,4,微博 weibo.com,Fo6nWuzYS,0
11,【“十一”黄金周来临 成都各大车站最热客运线路预警】#市州动态#结合往年的“十一”黄金周旅客出行情况，@成都交通运输 对今年客流高峰期进行了分析预测，对成都各车站客流量较大的线路做了统计↓↓ ????,9月29日 17:30,转发,评论,赞,微博 weibo.com,Fo4qaEpeG,0
12,【巴中市掀起第三轮交通大会战】#市州动态#25日，巴中市交通运输工作现场会在平昌召开。会议要求：要坚定不移实施交通先行战略，以“148”立体交通网络为重点，突出“加密、联网、升级”主攻方向，集中五年时间，完成交通投资685亿，全面构建“6631”综合交通体系，把巴中建成外快内畅、便捷高效 ????...展开全文c,9月29日 15:59,3,2,5,微博 weibo.com,Fo3PrxFip,0
13,【我省道路运输三项事项列入全省“多证合一”改革】#交通动态#25日起，全省正式全面实施“多证合一”改革。我省道路运输三项事项列入此次“多证合一”改革，分别为：道路运输企业变更名称、法定代表人、地址（限县域内）备案；道路货运代理经营备案；道路货运配载经营备案。今后，我省道路运输企 ????...展开全文c,9月29日 14:30,转发,评论,赞,微博 weibo.com,Fo3fnxhsh,0
14,【9号线将成为成都地铁首条无人驾驶线路】#市州动态#9号线从设计之初就决定采用无人驾驶模式。无人驾驶与有人驾驶主要在车辆、信号系统等方面有诸多不同。其中信号系统的自动化程度非常高，系统不仅具有“唤醒模块”，到点就会自动启动“上班模式”，而且也有自动休眠模式，知道“到点就下班”。 ????...展开全文c,9月29日 13:26,转发,1,2,微博 weibo.com,Fo2Pex1Sl,0
15,【广元市国道212线南山隧道工程开工】#市州动态#国道212线南山隧道工程起于国道212线南环路碑坪子，止于万源20号公路3段，路线全长6.734公里，项目总投资约13.3亿元，预计2020年完工。该项目的建成将打通国道212线广元市城区过境段交通瓶颈，大幅提升城市交通效率，从根本上解决广元市城区南向出 ????...展开全文c,9月29日 11:16,转发,评论,1,360安全浏览器,Fo1YB5VZi,0
16,【油价今日24时后或上涨 国庆出行可提前加油】#交通分享#新一轮成品油调价窗口将于9月29日24时开启。多家机构预测，国内油价将迎来“二连涨”，或创年内最大涨幅。所以“十一”长假有出行计划的小伙伴们可以在今天下班以后提前加油，节约出行成本！,9月29日 10:26,1,2,赞,360安全浏览器,Fo1Emqxbw,0
17,【川西高原三年内打通高速公路网】#交通动态#川西高原一直是四川境内的明珠，但常年以来，这两地的交通主要依靠国道，一直未能实现高速通行。情况正在发生变化，入阿坝的汶马高速预计将在2020年通行，而直达甘孜州府康定市的雅康高速，预计最快明年就能通车，天险即将变通途！,9月28日 16:00,1,评论,2,微博 weibo.com,FnUp99XSh,0
18,【注意！国道G321线泸隆段交通管制】#交通动态#国道G321线泸(州)隆(昌)段(K1827-K1842)路面进行大修，即日起到12月30日将对国道G321线泸(州)隆(昌)公路K1827+000--1842+000段 (起于泸州市龙马潭区石洞镇、经双加场、仁和、止于得胜场口)实施临时交通管制。施工期间对该路段实行间断性交替通行。 ????...展开全文c,9月28日 14:00,转发,评论,赞,微博 weibo.com,FnTCrcvl5,0
19,【丽攀高速“新庄隧道”已恢复双向通行】#交通动态#为保证国庆期间广大群众出行便利，道路畅通，2017年9月27日9时许，G4216蓉丽高速公路丽攀段施工路段“新庄隧道”已恢复双向通行。,9月28日 12:00,转发,评论,2,微博 weibo.com,FnSPIEj9O,0
20,【省道206线阆中凉水至河溪段国庆节前通车】#交通动态#省道206线阆中凉水至河溪段建设项目，起点为凉水镇护山与仪陇先锋交接处，终点为河溪太平桥与阆中嘉陵江三桥连接线交界处，全长37公里，总投资3.3亿元。目前，已完成投资2.6亿元，全路段已完成油面下层铺筑，8座桥梁已建成。,9月28日 10:00,5,评论,6,微博 weibo.com,FnS31o5Ld,0
21,【四川4条藏区高速公路力争2022年底前建成通车】#交通动态#厅规划处处长许磊：“今后几年，全省藏区交通建设投资还将保持高位态势。构建对外运输大通道，进一步推动高速公路向藏区延伸。雅康、汶马、绵九、康定过境段等4条高速公路力争2022年底前全部建成通车。加快川青、川藏、马尔康至青海久治 ????...展开全文c,9月28日 09:15,4,2,3,微博 weibo.com,FnRKL3OSZ,0
22,#四川早安#心小了，事情就大了；心大了，事情自然就小了。心若向阳，何畏悲伤早安。 ????,9月28日 08:00,1,1,3,微博 weibo.com,FnRgjoIYK,0
23,#四川晚安#来说一说走雅西高速是怎样一种体验？ ????,9月27日 22:30,1,14,9,微博 weibo.com,FnNwX2EO7,0
24,【7号线全面开展空载试运行】#市州动态#成都地铁7号线正全面开展空载试运行，相关工作人员已全部就位并按照开通标准对系统功能、设备状态、人员技能、应急处置能力等方面进行全面的验证与检测，确保地铁7号线工程于今年底顺利开通试运营。@成都地铁运营,9月27日 17:48,转发,评论,9,微博 weibo.com,FnLGN6BOm,0
25,#交通分享#我省在高速公路建设中严格落实环保要求，强化生态环境保护。图为成都绕城高速接待寺立交桥梁↓↓ ????,9月27日 17:30,转发,2,4,微博 weibo.com,FnLzbeCd9,0
26,#交通分享#2020年前，广安市将推广应用新能源汽车1万辆，全市将逐步形成市、县、乡、村四级互联互补的充换电配套服务体系。图为广安市民在用直流充电桩为新能源汽车充电↓↓,9月27日 15:30,转发,评论,2,微博 weibo.com,FnKMtjjiD,0
27,【国庆中秋期间 危化车辆全省高速禁行】#交通动态#全省高速公路在10月1日零时至10月8日24时，禁止危险化学品运输车通行。10月7日至8日，每日11时至21时返程高峰期，全省范围内禁止三轴（不含）以上货车（运送鲜活农副产品车除外）进入高速公路。,9月27日 13:30,2,评论,2,微博 weibo.com,FnJZLn325,0
28,【国庆中秋假期每日8时-17时 阿坝禁货运车上路行驶】#市州动态#从9月30日12时至10月8日24时，将在全州范围内对货车实行临时交通管制。国庆中秋长假期间，每天8时到17时对三轴以上(含三轴)货运车辆实施远端管制，禁止货运车上路行驶。同时，禁止汶川、松潘、茂县、若尔盖、红原、马尔康、理县、小 ????...展开全文c,9月27日 11:30,2,7,2,微博 weibo.com,FnJd3q76Y,0
29,【国庆大假期间 四川高速预计日均267万辆车话筒]】#交通动态#今年国庆假期逢中秋，大假期间，四川高速路网预计将达到2139万辆，再创新高。其中，日均车流量相比去年增加12.9%，达到267万辆。从交通流量看，以成都为中心的放射路段区域为四川高速公路的流量集中区域，预计假期期间成都市市域范围内高速 ????...展开全文c,9月27日 09:30,7,2,2,微博 weibo.com,FnIqlc1BL,0
30,#四川早安#时间就像海绵里的水，只要愿挤，总还是有的 ????。早安 ????,9月27日 08:30,转发,1,2,微博 weibo.com,FnI1ZxQNR,0
31,#四川晚安#今天，雀儿山隧道正式通车，过往车辆将不用再绕行两个多小时的危险山路，只需10多分钟就可穿过最高海拔达6000多米的雀儿山。你想去体验一下这座全球海拔最高超特长公路隧道吗？想去的同学举个手,9月26日 22:30,3,5,16,微博 weibo.com,FnE6sfVIf,0
32,【《还看今朝·四川篇》丨“雀儿山”隧道通车：走直线的幸福路】#交通分享#位于四川省甘孜藏族自治州德格县境内的雀儿山，主峰海拔6168米，是横亘在317国道上的一道天险，被称作“川藏第一险”，素有“冬过雀儿山，如闯鬼门关”的说法。今天通车的雀儿山隧道，是目前世界上海拔最高的特长公路隧道。??????...展开全文c,9月26日 18:41,16,10,9,秒拍网页版,FnCBRESXX,0
33,【九绵高速九寨沟段年内将全线开工】#交通动态#九绵高速起自九寨沟县郭元乡青龙桥，顺接拟建甘肃省武都至九寨沟公路，止于绵阳市游仙区张家坪，对接已建的成渝地区环线绵阳至遂宁段和京昆高速高速公路广元至绵阳段。九绵高速全长244公里，其中九寨沟境内55公里，绵阳境内189公里，计划建设工期6 ????...展开全文c,9月26日 15:30,1,2,2,微博 weibo.com,FnBlYssiQ,0
34,【《还看今朝·四川篇》丨五年新跨越 高原架起幸福桥】#交通分享#沿着大渡河向泸定桥上游行进大约5公里，建设中的兴康特大桥出现在眼前，它是雅康高速的控制性工程，被称为“川藏第一桥”。此刻，大桥第一根钢桁梁已经吊装到了桥梁的中心点，桥面建设工作全面启动…… L四川交通的微博视频,9月26日 13:03,5,1,8,秒拍网页版,FnAoBvwI7,0
35,【《还看今朝·四川篇》丨新二郎山隧道今天爆破贯通】#交通分享#如今建设的新二郎山隧道，它是四川甘孜藏区第一条高速公路——雅康高速的控制性工程之一，全长13.4公里，与老隧道相比，新二郎山隧道海拔下降了700多米，受季节影响更小，车辆有效通行时间更长，过去要走一天的路缩短为15分钟。??????...展开全文c,9月26日 12:54,8,2,18,秒拍网页版,FnAkXrtPR,0
36,【239米高空“绣花” “川藏第一桥”首段钢桁梁成功吊装】#市州动态#今天上午，经过2个多小时的吊装，雅康高速泸定大渡河兴康特大桥首段钢桁梁成功就位，随即工人对其进行锚固。“川藏第一桥”上部施工由此进入攻坚阶段，为2018年8月底贯通奠定了坚实基础。兴康特大桥的建成，将更为方便大渡河两 ????...展开全文c,9月26日 11:14,6,1,7,微博 weibo.com,FnzGqgUM0,0
37,雀儿山隧道位于甘孜州德格县境内，连接德格、甘孜二县，项目总投资11.5亿元，路线全长12.997公里，其中隧道长7079米，为双向两车道，可满足每日最大车流量5000辆汽车通行的需要。隧道进口洞口海拔4378米，出口洞口海拔4232米。,9月26日 11:04,3,1,8,微博 weibo.com,FnzCjhPIf,0
38,【雀儿山隧道通车了!翻越“川藏第一险” 从今起只需十分钟】#交通动态#经过为期五年的建设，世界海拔最高的特长公路隧道、国家重点工程---雀儿山隧道今天十点半正式通车，打通了几十年来川藏北线的天险瓶颈。现在的过往车辆只需十分钟就可以穿过雀儿山，较原路节约里程近20公里。,9月26日 11:04,7,1,8,微博 weibo.com,FnzC6Buyc,0
39,【雅康高速二郎山隧道全线贯通 缩短进藏“时空距离”】#交通动态#今日，甘孜州第一条高速公路雅康高速控制性工程二郎山隧道全线贯通！雅康高速二郎山隧道全长13.4公里，为全国在建第四长公路隧道，建成后行车翻越二郎山将由一个半小时缩短至不到二十分钟。,9月26日 10:46,3,1,6,微博 weibo.com,Fnzv3yf5D,0
40,【万八快速通道动工 今后万源20分钟飙拢八台山景区】#交通动态#万源至八台快速通道工程PPP项目全长约25公里，路线起于万源市古东关物流园区，终点位于八台镇天池坝村，途径茶垭、白沙、八台等乡镇，建设期两年，营运期13年。项目建成后，将升级城区至八台山景区的旅游大通道，万源市民开车20分钟 ????...展开全文c,9月26日 09:30,转发,评论,2,微博 weibo.com,FnyZQDKWY,0
41,【定了！双层公交9月30日重回成都】#市州动态#在成都街头消失了两年的双层公交车9月30日将正式回归！公交将开行两条线路，在双流西站、黄龙溪、奥特莱斯等均设站点，通票5元，可凭票免费换乘，车内还有免费WIFI可供使用！国庆坐着去耍黄龙溪，约不约？@成都发布,9月26日 09:30,转发,评论,3,微博 weibo.com,FnyZQlznj,0
42,#四川早安#人生路长，有人被风景迷了眼，有人把自己活成了风景。 早安 ????,9月26日 08:30,转发,1,1,微博 weibo.com,FnyBv2E75,0
43,#四川晚安#川藏南线，即318国道成都—拉萨段，是这条景观大道中最美、最精彩的一段。它的沿途风景千变万化，多姿多彩，行走其中，可以体验“隔山不同天，一天有四季”的奇妙感觉。你走过318国道吗？来说说感受,9月25日 22:30,1,7,9,微博 weibo.com,FnuFXmlZD,0
44,【四川大片又将刷屏！这一次央视为你讲述关于“四川路”的故事......】#交通分享#迎接十九大，今朝看中国。9月26日上午10：00–11:30，全媒体大型特别节目《还看今朝·四川篇》将在中央电视台新闻频道播出。90 分钟带您领略四川巨变，央视推出大型特别节目《还看今朝·四川篇》明日精彩呈现。 ????...展开全文c,9月25日 18:11,2,评论,5,搜狗高速浏览器,FnsZcrGAU,0
45,【跟着德华再上一次雀儿山】#交通分享#记录时代，看家乡新貌。川藏线上的要塞——雀儿山隧道预计将在国庆前正式通车。在隧道建设最后扫尾阶段，我们与一位特殊客人来到这里，告诉你五年间雀儿山和家乡发生的巨变。O跟着德华再上一次雀儿山 ????,9月25日 18:11,转发,评论,7,搜狗高速浏览器,FnsYZtwTF,0
46,【砥砺奋进的5年：四川高速公路行业转型迈出新步伐】#交通要闻#十八大以来，全省高速公路管理行业认真梳理高速公路交通执法和行业监管职能职责，厘清与公安交警及地方政府职能职责边界，清理规范权责清单73个事项；审批改革逐步深化，按照放、管、服要求，清理规范行政审批2个事项，基本实现超限 ????...展开全文c,9月25日 17:30,1,评论,3,微博 weibo.com,FnsIbvTQc,0
47,【双节来临 这份四川高速公路避堵攻略请收好】#交通动态#一是尽量避开10月1、2、6、7日8时至11时、16时至19时两个高峰时段；二是通过各种渠道查询高速路况，合理安排线路和时间；三是提前查询天气情况，及时调整出行计划……绕行线路提示↓↓,9月25日 15:30,4,1,2,微博 weibo.com,FnrVtzjqK,0
48,"【“十一”期间 四川高速公路哪些路段容易堵？】#交通动态#根据近年来国庆大假期间的交通流量情况分析,出行的高峰主要集中在大假的9月30日下午、1日上午，返程的高峰则会出现在7日、8日的下午时段，大假期间高速公路交通会特别繁忙，车流量远远高于平常，以下是一些省内高速公路易拥堵路段↓↓",9月25日 13:30,6,1,2,微博 weibo.com,Fnr8LEe7E,0
49,,9月25日 12:12,1,2,8,微博 weibo.com,FnqD8b42n,-1
50,【今日起成都城北汽车客运站这37条线路“搬家”】#市州动态#今日起，城北客运中心始发的至合肥、莆田、兰州、庆阳等地37条运行里程在800公里以上客运班线将调整至东站汽车客运站运营。7条调整至东站汽车客运站的线路如下↓↓,9月25日 11:30,7,1,8,微博 weibo.com,Fnqm3pcFH,0
51,【注意！今日起至11月25日鹧鸪山隧道进行交通管制】#交通动态#国道317线鹧鸪山隧道今日起至11月25日（国庆“黄金周”不进行交通管制）每天19:00至次日7:00进行管制，其余时间正常通行。道路实行半幅施工，马尔康至成都方向的小型车辆（含7座及以下）往隧道平行导洞内通行；马尔康至成都方向货运 ????...展开全文c,9月25日 09:30,8,评论,1,微博 weibo.com,FnpzluoOL,0
52,#四川早安#总有一天，你会站在最亮的地方，活成自己曾经最渴望的样子。早安，周一。 ????,9月25日 08:30,2,评论,5,微博 weibo.com,FnpaZvTvL,0
53,"#政务微博优秀案例征集#8月8日晚九寨沟县发生7.0级地震，@四川交通 迅速反应，及时发布高速公路通行情况、地震灾区的交通状况,并持续发布灾区道路抢通情况和即时路况，第一时间让公众了解交通救援信息。共发布相关稿件60余条，受到网友高度关注，阅读量达到115万人次，450余条转发评论。@政府微博助理",9月24日 11:30,2,2,4,微博 weibo.com,FngVTjS7b,1
54,【定了！成安渝高速将于9月30日全线通车！】#交通动态#成安渝高速公路四川段全线已于2017年9月中旬顺利建成，并入四川高速公路网通车试运行，全线于2017年9月30日14时向社会开通。,9月24日 09:33,2,7,4,微博 weibo.com,FngamlPeE,0
55,#四川晚安#说说你最常走哪一条高速公路？目的地是哪儿？ ????,9月22日 22:45,2,21,5,微博 weibo.com,Fn2uypW85,0
56,【自贡将于10月试行1小时优惠换乘】#市州动态#自贡预计在今年10月试运行1小时优惠换乘；公交卡全国互联互通将于今年10月正式投用，届时，自贡市民办理1张有“交通联合”标志的自贡公交卡，今后可以在成都和北上广等国内绝大多数城市乘坐公交车，由“自贡通”变成“全国通”。,9月22日 18:26,7,4,6,微博 weibo.com,Fn0NCkq5I,0
57,【全省普通公路规划体系更加完善 引领投资高位稳定运行】#交通动态#十八大以来，全省普通公路完成投资3138亿元，持续占全省交通运输系统完成投资50%以上，创历史最高水平。普通公路总里程达到32.4万公里，较2012年底末增加3.1万公里，连续5年位居全国第一。大力推进《四川省2015-2017年农村公路 ????...展开全文c,9月22日 15:18,转发,评论,3,微博 weibo.com,FmZzbuxG7,0
58,【好消息！雪山梁子隧道国庆试通行】#交通动态# 自驾游的朋友有福了！雪山梁隧道已达到小车通行条件将于今年国庆期间试跑。通车后，游客从九黄机场出发，将不用再翻越海拔4017米的雪山梁子，到达黄龙景区的时间将从过去的一个多小时缩短到半个小时左右。成都游客自驾前往黄龙也将少走20多公里。,9月22日 14:07,3,1,2,微博 weibo.com,FmZ6os15T,0
59,【都京港嘉陵江大桥两座主桥将在春节期间合拢】#市州动态#整个都京港嘉陵江大桥建设项目分别由朱凤寺大桥、 朱凤寺隧道、朱凤互通、北引桥、主桥、文峰互通等组成。目前，朱凤寺隧道正在进行附属设施建设，朱凤互通、北引桥铺设的预制箱梁已达上百片，朱凤寺大桥桩基建设也已经过半。目前，两座 ????...展开全文c,9月22日 11:31,转发,评论,1,微博 weibo.com,FmY58Fj6x,0
60,【注意了！“成马”当天 37条公交线路将临时调整】#市州动态#根据公安交管部门发布的2017成都国际马拉松赛道路管控方案，@成都交通运输 同成都天府新区管委会、@成都公交 ，对赛事期间（2017年9月23日）所涉及的74路、118路、195路、542路等37条线路走向进行临时调整，调整方案如下↓↓,9月22日 09:29,2,评论,2,微博 weibo.com,FmXht57Tc,0
61,【世界无车日 停开一天车！】今天#世界无车日#，有车族不开车，也动员家人和朋友加入吧！选择步行、骑自行车、或搭乘公共交通，感受生活，告别拥堵和废气，你会发现不一样的风景！小编选择了地铁，你呢？世界无车日，不只在今天。@ 好友一起加入！ ???? ????（人民网） ????,9月22日 08:00,4,2,赞,iPhone 6s Plus,FmWHn1slI,0
62,#四川早安# 幸运，总是离努力的人更近一些。 ?交通君（帅的人）已在上班路上，你呢？早安 ????,9月22日 07:19,1,1,赞,iPhone 6s Plus,FmWqRpzxC,0
63,#四川晚安# 说一说你家乡最有名的景点是哪里？?????? ????,9月21日 22:33,1,21,3,iPhone 6s Plus,FmSZmxWFc,0
64,【14部门发文促道路货运行业健康发展 10件实事助降本减负】#交通动态#近日，交通运输部等14部委印发了《促进道路货运行业健康稳定发展行动计划（2017-2020年）》，旨在切实推进道路货运行业转型升级，实现行业持续健康稳定发展。详戳↓↓,9月21日 17:40,1,评论,赞,微博 weibo.com,FmR4viNJr,0
65,【好消息！阿坝多条道路有进展！】#市州动态#川青高速马久段（马尔康至久治县）获得省政府正式批复，省道S220线（哇尔玛乡至茸安乡）道路改扩建工程将于10月动工，省道S217线（麦尔玛至唐克段）公路将于10月正式动工！你最期待哪一条？,9月21日 16:05,4,1,3,微博 weibo.com,FmQrXjOXR,0
66,【泸州沱江六桥建设进入收尾阶段】#市州动态#沱江六桥已全面进入收尾阶段，工人们正为沱江六桥主桥桥面涂上防水粘接层，计划在本月底完成桥面浇筑式沥青铺设；索塔涂装、亮化、交安等工程也正在进行中。沱江六桥及连接线工程建成后，将极大改善城市交通条件，缓解城市交通压力，有效促进城市各组 ????...展开全文c,9月21日 12:48,1,评论,赞,微博 weibo.com,FmP9Qqfwr,0
67,【平昌江口至白衣古镇修旅游公路 明年竣工】#交通动态#江口镇至白衣古镇旅游公路为巴河观光公路，路线起于平昌县江口镇星光工业园，止于白衣古镇圈井村（白衣大桥），与现有星平路衔接，全长13.9公里。该道路预计明年完工，届时两地车行时间将缩短至20分钟以内。,9月21日 10:16,3,评论,赞,微博 weibo.com,FmOacwS0u,0
68,【9.22世界无车日??使用支付宝购买成都地铁单程票享五折优惠】#交通分享#9月22日，搭乘地铁的乘客在@成都地铁 具备移动支付功能的自动售票机设备或全线网各车站票亭处使用支付宝购买单程票可享受票价5折优惠。同一用户限购买两次，单次购买票价总额不高于10元。,9月21日 09:00,1,评论,1,微博 weibo.com,FmNFlsnOi,0
69,#四川早安#走得足够远，你就会遇上你自己。早安 ????,9月21日 08:30,3,评论,3,微博 weibo.com,FmNt13SM2,0
70,【泸州将实施国道546线纳溪至赤水(川黔界)段公路改建工程】#市州动态#泸州将实施国道546线纳溪至赤水(川黔界)段公路改建工程。国道546线纳溪至赤水(川黔界)段公路改建工程可行性研究报告于近日获省发展改革委批复。这是自6月23日该公路干线改建工程通过省环境保护厅环评审查以来，又取得的新进展 ????...展开全文c,9月20日 16:24,转发,评论,1,微博 weibo.com,FmH94FLbW,0
71,【内畅外达的四川高速公路网络基本形成】#交通动态#十八大以来，全省高速公路行业迅猛发展。截至2016年底，已建成覆盖全省20个市州和127个县（市、区）的高速公路主骨架网，高速公路通车里程突破6519公里，跃居全国第二、西部第一，建成18条出川大通道，毗邻的7个省市除西藏、青海外均实现高速公 ????...展开全文c,9月20日 14:31,转发,7,3,微博 weibo.com,FmGpb5xdN,0
72,【德阳可办全国交通一卡通 10月底全面开通】#市州动态#经过前期准备和建设，德阳“全国交通一卡通”互联互通工作日前顺利通过交通运输部专家的验收，拟于10月底前全面开通运行。待系统进一步升级后，持该卡还可用于收费公路、停车场、物流园区、民航、铁路等领域，实现各种运输方式有效衔接。,9月20日 11:51,2,评论,4,微博 weibo.com,FmFmhCHvM,0
73,【雅西高速干海子大桥施工完毕 双向恢复正常通行[汽车]】#交通动态#雅西高速干海子大桥施工完毕，双向恢复正常通行，彝海安检站解除交通管制，西昌到成都方向，2.5米以上货车、大型客车不用下高速绕行，可直接通行高速。,9月20日 10:41,转发,评论,赞,微博 weibo.com,FmETLsvbg,0
74,【遂宁成四川省首个颁发网约车平台许可证的地级市】#市州动态#9月19日，“滴滴出行”网络预约出租汽车经营许可证颁证仪式举行。遂宁市交运局运管处向滴滴出行科技公司颁布了《网络预约出租汽车经营许可证》，这标志遂宁成为四川省除成都外的首个颁发网约车经营许可证的地级市。,9月20日 09:29,6,1,5,微博 weibo.com,FmEqyF4oT,0
75,#四川早安#"生活是自己的??尽情打扮??尽情可爱" ??? ????via思想聚焦 ????,9月20日 08:30,5,3,3,微博 weibo.com,FmE2wcaPm,0
76,#四川晚安#来吧，二选一。对四川人来说不困难 ????,9月19日 22:30,转发,20,7,微博 weibo.com,FmA6YyqHq,0
77,【四川将建省级联席会议制度推进绿色交通发展】#交通要闻#四川省交通运输厅日前印发《关于加快推进四川省绿色交通运输发展的指导意见》（简称《意见》）。根据《意见》，四川将建立省级绿色交通运输发展联席会议制度，由省交通运输厅牵头，加强与省发展改革委、环保厅等相关部门及交通运输重点用能企业 ????...展开全文c,9月19日 19:11,1,评论,赞,微博 weibo.com,FmyOm26YN,0
78,【渝广高速重庆段一期20日开通 广安45分钟可跑重庆】#交通动态#渝广高速(重庆渝北至四川广安)重庆段一期将于9月20日下午3点正式开通。小车(一类车)跑全程通行费45元。截至目前，渝广高速四川段(广安至巴中)已通车，渝广高速重庆段一期通车后，重庆主城至广安的车程将由现在的90分钟缩短至45分钟 ????...展开全文c,9月19日 15:14,4,3,2,微博 weibo.com,Fmxg1yekV,0
79,【宜宾首批纯电动车国庆前后使用 噪音低平稳度高】平稳、噪音低，车内自动灭火喷淋系统，空间更大，坐起来更舒服！宜宾首批50辆纯电动公交车陆续到达宜宾，宜宾将告别无纯电动公交车历史。而这些公交车将投放到5路、27路，目前相关手续正在办理中，预计国庆前后上路。,9月19日 12:07,1,1,2,微博 weibo.com,Fmw288j57,0
80,【攀枝花：渡口立交3号桥和法拉大桥恢复通行】#市州动态#保证市民群众及过往车辆的通行安全攀枝花交通运输部门分别于今年7月25日和3月4日，开始对渡口立交3号桥和法拉大桥进行维修加固施工。如今，渡口立交3号桥比原计划提前7天实现通车，法拉大桥比原计划提前12天实现通车。,9月19日 10:43,转发,评论,1,微博 weibo.com,Fmvu9zEa3,0
81,【雅康飞仙关隧道今晨贯通 6分钟穿越川藏“第一关”】#交通动态#今天凌晨4点，雅康高速飞仙关隧道最后数米岩体被正式打通，从而实现双向贯通。这也标志着我省首条进入甘孜藏区的高速大动脉，又打通了一个重要的控制性节点。这也是目前雅康高速全线已实现贯通的最长隧道。隧道通车后，穿越川藏第 ????...展开全文c,9月19日 09:08,1,1,8,微博 weibo.com,FmuROB2Tr,0
82,#四川早安#分寸感是一个人的基本素养，哪怕是经历足够多的故事也不处处炫耀。早安 ????,9月19日 08:30,转发,评论,2,微博 weibo.com,FmuC1nfUI,0
83,#四川晚安#说一句你们当地的方言_________，只有老乡懂，别人听了都会一脸懵的那种！ ? ????,9月18日 22:30,2,20,2,微博 weibo.com,FmqGu1hSj,0
84,【G245仪陇段有望2018年底通车】#交通动态#G245仪陇段改扩建工程是2016年省级重点建设项目，也是南充市首个PPP项目。 该项目全长68公里， 途经仪陇县义路镇、马鞍镇、柴井乡等11个乡镇的65个村（社区），是仪陇县目前投资最大的建设项目，也是连接县城与朱德故里景区的交通要道。该项目计划2018 ????...展开全文c,9月18日 17:55,1,评论,赞,微博 weibo.com,FmoT4AMBQ,0
85,#回首这五年#这五年，你感受到四川交通的发展变化了吗？快来分享一下吧！,9月18日 16:43,10,16,219,微博 weibo.com,FmopL3O8h,0
86,【松潘全面推进国道郎川公路大修工程】#市州动态#近日，按照阿坝州公路局整体工作部署，由松潘公路管理分局自主实施的项目工程国道213线郎川路（尕力台至川主寺段）大修工程全面启动。预计在今年施工期内完成K599 900至K616 000路段的路面铺筑，目前，大修工作正有序推进中。,9月18日 15:52,1,评论,1,微博 weibo.com,Fmo58EQ0W,0
87,【戴东昌：村公路要“有路必养”“养必到位”】#交通要闻#9月17日，交通运输部副部长戴东昌在达州调研农村公路建设和交通扶贫工作。戴东昌强调，要加大投入，强化农村公路的管理养护。戴东昌一行深入通川区磐石都市农业体验区调研交通基础设施规划建设情况，实地查看旅游环线及乡村旅游业发展。,9月18日 13:46,2,评论,赞,微博 weibo.com,FmnfUsBeV,0
88,【陕西至四川将再增一条高速公路通道】#交通动态#汉中至陕川界高速公路喜神坝至陕西省界段预计10月通车。随着正在由四川省加紧组织建设的米仓山隧道明年实现贯通，陕西、四川将新增一条快速通道。°陕西至四川将再增一条高速公路通道 ?????查看图片,9月18日 11:42,1,2,3,微博 weibo.com,FmmrvDoLC,0
89,【打造嘉陵江美丽夜色 50余座江面航道航标陆续亮相】#市州动态#为了丰富嘉陵江旅游内容，方便游客夜航嘉陵江，观赏南充美丽夜色，感受嘉陵江别样风情，从小龙门航电枢纽到青居电站，沿线将更换嘉陵江江面航标50多座，提升嘉陵江光带夜色风景， 规范嘉陵江航运线路，同时做好水运安全保障工作。,9月18日 10:31,转发,评论,赞,微博 weibo.com,FmlYKmWmj,0
90,【“十一”期间 货车进出甘孜将受临时交通管制】#市州动态#“十一”黄金周期间，根据全州道路交通的现状和目前旅游形势及特点，将在全州特定区域内对部分货车实行临时交通管制。管制时间自9月30日0时至10月6日24时，管制车辆为5轴以上(含5轴)重型货运车(拖挂车)。,9月18日 09:25,2,评论,2,微博 weibo.com,FmlxVgQB1,0
91,#四川早安#越勇敢越自由，越努力越幸运。早安 ????,9月18日 08:20,转发,4,2,微博 weibo.com,Fml7t3oME,0
92,#四川晚安#周末要来了！来说说你准备明天几点起床？ ????,9月15日 23:00,1,6,2,微博 weibo.com,FlYBarKdr,0
93,【两部委联合整治公路治超违法违规执法行为】#交通要闻#近日，交通运输部、公安部发出《关于印发规范公路治超执法专项整治行动工作方案的通知》（简称《通知》），决定从9月份至年底，在全国范围内联合开展为期4个月的规范公路治超执法专项整治行动，坚决查处各类违法违规执法行为。,9月15日 17:33,转发,评论,赞,微博 weibo.com,FlWsOkHns,0
94,【汶川克龙线水毁路修复工程下月完工】#市州动态#?受前期强降雨影响，汶川县公路分局管养的G317线克枯乡至龙溪乡部分路基水毁严重，多处发生塌方，对过往的车辆和行人带来极大的不便。发生水毁后，汶川县公路分局不等不靠，第一时间组织人员、机械到现场进行抢修，为保证交通安全畅通……↓↓,9月15日 16:00,转发,评论,1,微博 weibo.com,FlVQPxDvz,0
95,"【宜宾：投入4.59亿元实施交通扶贫专项建设】#市州动态#结合各贫困村实际,宜宾2016年至2019年计划累计投入4.59亿资金实施交通扶贫专项建设。2017年拟退出贫困村26个,交通扶贫专项建设项目231个,建设里程387.3公里；2018-2019年拟退出贫困村26个，交通扶贫专项建设项目219个、建设里程410.1公里。",9月15日 15:00,转发,1,赞,微博 weibo.com,FlVsl1s4j,0
96,【9月17日起 攀枝花这些公交线路大调整】#市州动态# 为了更好的解决群众的交通出行需求，缓解城市道路拥堵，提高公交运行效能，攀枝花市公交公司决定于9月17日对公交2路、4路、12路区间、105路、109路、113路、停靠站点、线路名称进行优化调整和更名，具体措施如下↓↓,9月15日 14:24,2,评论,1,微博 weibo.com,FlVdV8kjo,0
97,【岷东大道青神段本月开工 2年后通车】#交通动态#岷东大道(青神)一期工程建设项目将于3月30日前开工建设，预计2019年3月通车。该项目全长8.77公里，起于青神县高台乡，止于白果乡井洪路。全线按一级公路标准设计，前期立项、设计工作已基本完成，目前正在挂网招标。目前，彭山至眉山段已经基本完 ????...展开全文c,9月15日 11:26,转发,1,1,微博 weibo.com,FlU3PfoTi,0
98,【四川“厕所革命”实施方案 ：车辆行驶每2小时应有1座厕所】#交通要闻# 近日，省政府办公厅印发《四川省“厕所革命”实施方案(2017—2020年)》，提出到2020年持续推进“厕所革命”，4年内共新建和改建厕所19307座。在交通厕所建设方面，《方案》要求按照车辆行驶每2小时或200公里左右应有1座厕 ????...展开全文c,9月15日 09:23,3,3,1,微博 weibo.com,FlTfFc1Pn,0
99,#四川早安# 在风雨中做个大人，在阳光下做个孩子。 ????,9月15日 08:00,3,10,7,微博 weibo.com,FlSHRiska,0
100,#四川晚安#来说说吃火锅你必点的素菜是什么______？ ??? ????,9月14日 23:02,2,28,5,iPhone 6s Plus,FlPbBebKs,0
101,【成都网约车性质需变更为“营运”??驾驶员要考试】#市州动态#目前成都市交委已经基本完成网约车驾驶员从业资格考点服务招标工作，即将启动网约车驾驶员从业资格证的培训和考试工作。在网约车和驾驶员通过资格考试后，网约车的使用性质，将从“私家”变更至“营运”，这也是网约车行业一大改变。 ????,9月14日 18:05,3,5,1,微博 weibo.com,FlNfceIaD,0
102,【凉山州今年投1千万实施道路养护及大中修建设】#交通民生#近日，凉山州召开干线公路管养工作会议，安排部署2017年下半年国省干线公路养护管理工作。凉山今年计划投资1000万元用于预防性养护78公里，大中修工程建设项目5个，全面实施道路预防性养护及大中修工程建设。,9月14日 16:51,1,评论,1,微博 weibo.com,FlMLh5Fnk,0
103,【马久高速有重大进展！建成后成都跑拢青海只要11小时】#交通动态#近日，四川省人民政府办公厅函复阿坝州人民政府，原则同意G0615久治（青川界）至马尔康段高速公路项目采取“BOT+政府补助”方式建设。作为连接新疆、青海、四川的新青川大通道的重要组成部分，马久高速将与青海境内的花久高速、 ????...展开全文c,9月14日 15:01,3,1,4,微博 weibo.com,FlM2qxZBk,0
104,【妈妈带儿如厕不尴尬 成都高速服务区现第三卫生间】#交通民生#目前成都共有5条市管高速公路，设立有服务区1个，即成温邛高速崇州服务区，成温邛高速崇州服务区已经设置了第三卫生间。记者在成温邛高速崇州服务区看到，男、女公共厕所正面入口处外侧墙壁除显著位置安装纸巾盒和干手设施，提供免费 ????...展开全文c,9月14日 11:29,1,1,2,微博 weibo.com,FlKEsaifv,0
105,【川渝实现跨省大件运输许可一站式办理】#交通动态#日前，四川与重庆跨省大件运输网上并联许可平台启用，实现两省（市）内跨省大件运输许可由起运地完成网上一站式办理。厅公路局与重庆市公路局签订了《四川省、重庆市跨省大件运输并联许可工作协议》，双方分别成立跨省大件运输并联许可工作小组 ????...展开全文c,9月14日 10:18,1,1,2,微博 weibo.com,FlKbs3Mk6,0
106,【雪山梁子隧道国庆试通行 成都自驾游黄龙少走20多公里】#交通动态#自驾游的朋友有福了，雪山梁隧道将于今年国庆期间试跑。隧道通车后，从九黄机场出发，将不用再翻越海拔4017米的雪山梁子，到达黄龙景区的时间将从过去的一个多小时缩短到半个小时左右。成都游客自驾前往黄龙也将少走20多公里。,9月14日 09:17,2,3,2,微博 weibo.com,FlJMOmB1u,0
107,#四川早安#所有你平日积累的善意，都会成为未来你无助之时的后盾。早安！ ????,9月14日 08:30,2,2,2,微博 weibo.com,FlJtx4B4Q,0
108,#四川晚安#用一个词立马让别人猜到你的家乡 ????,9月13日 22:30,1,46,2,微博 weibo.com,FlFy01nUw,0
109,【凉山建立公路建设“红黑名单” 黑名单：一年内禁入市场】#市州动态#近日，凉山州交通运输局对2016年度凉山州普通国省干线建设项目参建单位进行“红黑名单”考评，并将考评结果向社会公开通报↓↓,9月13日 18:54,转发,评论,1,微博 weibo.com,FlE8j26hr,0
110,【注意啦！成都65路等4条公交线路近日起有调整】#市州动态#因道路施工等原因，为缓堵保畅，方便乘客公交出行，成都公交65路、公交242路、社区巴士1041 路和公交368路四条线路将于近日起作出调整↓↓,9月13日 16:18,1,评论,1,微博 weibo.com,FlD7mrUJo,0
111,司机朋友们注意咯,9月13日 16:12,转发,评论,1,微博 weibo.com,FlD4Qpr72,0
112,【阿坝州计划于11月底全部完成贫困村通村硬化路建设任务】#交通民生#　2017年脱贫攻坚农村公路任务239个贫困村，通村硬化路1697.3公里，已提前实施完成232个贫困村通村硬化路1619.2公里。截至8月底，已完成5个贫困村硬化路64公里，剩余2个贫困村，14.1公里正在加快推进，计划于11月底全部完成。,9月13日 14:44,2,评论,赞,微博 weibo.com,FlCuQzeB9,0
113,【又来一部318电影！马上要在波兰首映？】#交通分享#电影《318号公路》讲述的是两个不同身份的女孩共同出现在一条去往西藏的公路上，两人结伴同行。看似轻松愉快的旅程，却因其中一个女孩的消失而嘎然而止，引出了一段不为人知又无法自我宽恕的青春往事。这一路的景色也太美了吧。,9月13日 13:23,2,8,7,微博 weibo.com,FlBYkavJK,0
114,【2016年交通固定资产投资三分之一投在贫困地区】#交通民生#交通运输部日前公布的《2016年贫困地区交通扶贫主要统计指标完成情况》显示，去年贫困地区交通固定资产投资规模占全国三分之一，农村公路建设投资占比超4成。据统计，去年，贫困地区完成公路水路交通固定资产投资6697亿元，占全国的33. ????...展开全文c,9月13日 11:02,2,评论,2,微博 weibo.com,FlB2Rm9yV,0
115,【成都地铁1号线三期轨通啦！预计2018年开通】#交通动态#这意味着，明年，坐着地铁可以去海昌极地海洋世界、西博城、兴隆湖……与很多地铁线路不同，1号线三期不是一段，而是三段。具体来说，北段从升仙湖站向北延伸，设韦家碾站;支线段从广都站外延至五根松站;南段从四河站向南，设华阳站、海昌 ????...展开全文c,9月13日 09:20,1,评论,4,微博 weibo.com,FlAnvnQAZ,0
116,#四川早安#最早的日子就是今天，最早的时刻就是此时此刻。而此时此刻的你只管努力，最坏不过大器晚成。 ????,9月13日 08:30,转发,1,1,微博 weibo.com,FlA32waP5,0
117,#四川晚安#一句话证明你的职业________ ????（人民网） ????,9月12日 22:30,转发,18,3,微博 weibo.com,Flw7vbyvJ,0
118,【巴南高速9月份施工公告】#市州动态#2017年9月12日至2018年2月28日，K202.3至K203.58，巴中至成都方向，因增设南部八尔湖互通立交工程项目施工，占用右侧行车道及应急车道。 2017年9月12日至2018年2月28日，K202.05至K203.35，成都至巴中方向，因增设南部八尔湖互通立交工程项目施工，占用右侧 ????...展开全文c,9月12日 17:25,转发,1,1,微博 weibo.com,Flu858QWe,0
119,【营山县孔雀至三元、老林至明德两条乡道公路开工建设】#市州动态#孔雀至三元公路改建工程路线全长10.613公里，建设工期1年；铁木社至明德乡公路老林至明德乡段改建工程路线全长13.044 公里，建设工期1年。这两条乡道改造后，将彻底解决路面破损、运力不足等问题，进一步改善沿线4个乡镇的交通条件 ????...展开全文c,9月12日 16:06,转发,2,赞,微博 weibo.com,FltBL8XjN,0
120,【震后一月，九寨沟汽车站客运班线复班】#市州动态#9月9日，九寨沟县汽车站迎来了地震后最热闹的一个清晨，在经过了为期一月的应急运输后，汽车站客运班线复班了！由于原本途经绵阳市平武县的道路目前尚不具备大型客运车辆通行条件，开往成都、绵阳等客运班车需临时绕道省道301线、国道212线、G7 ????...展开全文c,9月12日 14:27,转发,评论,2,微博 weibo.com,FlsXucHnc,1
121,【投资12亿余元 升级改造顺蓬营公路顺庆段】#市州动态#顺蓬营公路南充至蓬安升级改造工程顺庆段全长20.92公里。顺庆段起于荆溪街道东北侧的府荆大道终点，在搬罾镇北侧与规划中的南充二绕互通交叉后向北至凤山乡，随后沿嘉陵江顺庆段西岸布线，止于渔溪乡铁碑村。预计2019年底完成建设。,9月12日 11:21,2,1,2,微博 weibo.com,FlrKhDX9Y,0
122,【泸州市龙马潭区实现“村村通”公交】#市州动态#目前，龙马潭区已完成12个镇（街），89个村（社区）公交全覆盖。上车只需2元钱，打通出行“最后一公里”，解决20余万群众出行难题。下一步，将进一步扩大公交开行范围，争取早日实现龙马潭区1096个组(社)公交全覆盖。,9月12日 09:26,转发,评论,1,微博 weibo.com,FlqZvnADb,0
123,#四川早安#等待世界的改变，那要一万年，可自己改变，一天就行了。 ? ????,9月12日 08:30,1,1,7,微博 weibo.com,FlqCy1eRX,0
124,#四川晚安#说说活这么大，最让你开心的一件事是什么_____________？ ????,9月11日 22:30,转发,6,1,微博 weibo.com,FlmH0lNr5,0
125,【出租汽车驾驶员从业资格考试将改革 未来“两考合一”】#交通动态#交通运输部已于近日印发了《关于改革出租汽车驾驶员从业资格考试有关工作的通知》，明确各地应在2017年11月底前对巡游出租汽车驾驶员和网络预约出租汽车驾驶员从业资格考试区域科目考试内容进行优化、调整，并公开题库。,9月11日 17:26,6,1,1,微博 weibo.com,FlkHQ0l2d,0
126,【全省道路运输客运站场建设平稳推进】#交通动态#截至8月底，全省道路运输站场建设完成投资18.06亿元，开工建设2973个项目（含建成1629个）。其中：雅安、内江、攀枝花、广安客运枢纽建设项目全部开工建设；南充、广元、广安、阿坝、甘孜精准扶贫地区县级客运站建设开工率达到70%以上。,9月11日 15:52,6,1,赞,微博 weibo.com,Flk5K5KGY,0
127,【双层公交车重回成都，你会去坐吗？】#交通分享##在街头“消失”了两年的双层公交车重回成都！12台双层公交将于本月在两条观光线路中投运。每个座位，都将配备一个耳机，乘客可听音乐、看电视。车内有Wi-Fi，正式开行后可免费上网。当年和你一起坐在双层公交的人，现在在哪里？,9月11日 14:50,2,评论,5,微博 weibo.com,FljGoldDR,0
128,【巴万高速公路项目顺利推进】#交通动态#巴万高速公路万源段从今年4月18日开始进行开工建设。该高速公路经万源市、通江县和巴中市三地，主线全长119.832公里，整个项目按双向四车道高速公路标准建设，设计速度80公里每小时，路基宽24.5米，总投资估算为168.19亿元，建设工期4年。,9月11日 13:30,3,评论,1,微博 weibo.com,Flj9P1oFh,0
129,【雅西高速泸沽至漫水湾段因施工管制一周】#交通动态#10日起至17日，雅西高速泸沽至漫水湾，因施工需要将采取临时管制措施(间断放行)，请广大驾驶员朋友合理安排时间出行或绕行108国道。,9月11日 11:30,3,评论,赞,微博 weibo.com,Flin6p1g9,0
130,【渝广高速重庆段一期完工 广安到重庆缩短45分钟】#市州动态#渝广高速重庆段一期目前已基本完工，力争在今年国庆前正式通车。在四川的巴广渝高速四川段已于去年底前全线建成通车。渝广高速重庆段正式通车后，重庆至广安车程将由现在的1个半小时缩短到45分钟，巴中2个半小时即可到重庆。,9月11日 09:34,5,3,4,微博 weibo.com,FlhCoEAHq,0
131,#四川晚安#作为一个四川人，你能准确地说出以下辣椒的名字吗？ （四川旅游） ????,9月8日 22:30,转发,6,7,微博 weibo.com,FkUpw5BGy,0
132,【1-8月省政府民生工程交通建设完成情况】#交通动态#1—8月，省政府民生工程农村公路建设完成投资92.5亿元、建成8718.1公里（其中改造县乡道2467.6公里、村道6250.5公里），分别占年度目标的108.8%、87.2%；渡改公路桥建设完成投资6.9亿元、建成23座，分别占年度目标的62.7%、76.7%；国省干线公 ????...展开全文c,9月8日 16:15,2,评论,赞,微博 weibo.com,FkRXBgmpu,0
133,【来啦！空港双流观光巴士首批车辆抵达双流】#市州动态#9月7日上午，双流区观光巴士首批2台车辆顺利抵达公交新能源充电站，预计9月13日前，12台新能源纯电动观光巴士将全部到位。颜值好高！ ????小伙伴们期待吗？@成都交通运输,9月8日 14:54,2,4,4,微博 weibo.com,FkRqE0mXq,0
134,【南充高速路厉害了 明年通车里程将达1176公里】#市州动态#南充今年加快推进营山至达州高速公路、绵阳至西充高速公路建设，预计2018年南充高速公路通车里程将达1176公里。此外，未来7年，还将加快建设巴南广、成南（复线）、南潼、德南、绵南达、南充二绕、营仪阆等多条高速公路。,9月8日 14:25,转发,2,1,微博 weibo.com,FkReZaSGz,0
135,【眉山：岷黑快速通道有望国庆前具备通车条件】#市州动态#岷黑快速通道南起岷东大道富牛段，北至黑龙滩风景区，全长7.2公里。作为连接眉山市区与黑龙滩旅游景区的交通干道，它是一条景观、旅游、生态大道，目前整个项目正加快建设速度，预计将比原计划提前完成，今年国庆节前有望具备通车条件。,9月8日 11:43,1,评论,3,微博 weibo.com,FkQbdowvU,0
136,【重庆现波浪形公路 驾驶起来有飞一般的感觉】#交通分享#重庆巴南区，有一条公路路面呈“波浪形”，车辆驶过时，一会儿冲上顶端，一会儿又落入低谷。至于驾驶起来什么感觉？有司机称，有腾空的感觉，很刺激！事实上，这一设计是方便每一层的商户能将车开到门口。想去体验的请举手！@重庆交通 ????,9月8日 09:44,5,3,15,微博 weibo.com,FkPoGnDNm,0
137,【全省交通脱贫攻坚任务通乡通村硬化路建设进展顺利】#交通动态#2017年1—8月，全省交通脱贫攻坚工作快速推进，16个脱贫摘帽县，已累计实现4562个建制村通硬化路，占总量的99.9%；7个贫困村整体退出县，已累计实现1147个建制村通硬化路，占总量的100%；3700个退出贫困村，已累计实现3489个建制村 ????...展开全文c,9月8日 09:29,3,3,4,微博 weibo.com,FkPiOnau7,0
138,#四川早安# 尽管生命的美好有时被蒙上阴影，但它却永远不会被埋没。 ????,9月8日 08:30,转发,2,4,微博 weibo.com,FkOUyBYQS,0
139,#四川晚安#报一下你此刻的手机电量，看看有没有电量数字一样的人！ ????,9月7日 22:30,1,22,1,微博 weibo.com,FkKZ1iduO,0
140,【城区出租将开展四个月专项整治 以下情况要遭起】#市州动态#，为进一步规范巡游出租汽车市场秩序，改进巡游出租汽车服务质量，提升巡游出租汽车行业城市窗口形象，2017年9月至12月，我市将在五城区开展改进巡游出租汽车服务质量专项行动，严厉整治巡游出租汽车行业中各类违规违法行为。,9月7日 17:38,1,2,2,微博 weibo.com,FkJ4LeX5F,0
141,【南充满福坝隧道全线贯通 计划下月初通车】#市州动态#省道101线绕南部县城过境改线一级公路（河东段）起于火烽乡满福坝新区，止于河东工业园区，全长2.6公里，路基宽33.5米，设计时速为80公里，其中双线隧道长约490米，总投资约1.7亿元。满福坝隧道全线贯通后，将与河东工业园区、南部火车站物 ????...展开全文c,9月7日 15:33,转发,1,2,微博 weibo.com,FkIfNbObU,0
142,【国道108线严家湾隧道预计明年5月通车】#交通动态#国道108线严家湾隧道工程起于电子路北延线二段，设严家湾隧道穿越嘉陵江左岸山脊，止于在建的国道108线严家湾嘉陵江大桥1#桥墩。线路全长1066米，路基宽23米，设计时速60公里，按一级公路标准建设。该项目已于2016年1月14日开工建设，计划年底 ????...展开全文c,9月7日 13:53,2,1,1,微博 weibo.com,FkHBv7eHC,0
143,【内江沱江大桥将实施交通管制】#交通动态#管制路段：沱江大桥；管制时间：2017年9月10日—2017年12月31日；管制时段：晚上22:00至次日凌晨6:00。管制方式：管制期间，沱江大桥实行全封闭，禁止一切车辆通行。绕行线路：沱江大桥封闭后，市中区前往东兴区车辆可以由沿江路、交通路绕行至西林大桥 ????...展开全文c,9月7日 11:30,转发,评论,2,微博 weibo.com,FkGF7CoaS,0
144,【乐西高速马边至昭觉段年底或开工】#交通动态#9月1日，乐西高速公路马边至昭觉段建设工作座谈会在西昌召开。会上透露，乐西高速公路马边至昭觉段拟定9月20日举行开工动员，力争年底实现动土开工，项目建设工期5年。该高速建成后，成都至西昌将形成“双通道”。乐西高速公路是指四川乐山至西昌高 ????...展开全文c,9月7日 09:30,1,1,2,微博 weibo.com,FkFSpnb1t,0
145,【用“上帝视角”带你去看花城之桥~】#交通分享#畅达的交通让城市飞速发展，也让人们的生活更具幸福感。而当我们在路上时，也许不曾发现，这些穿梭在山间的路、跨越水域的桥、穿城而过的一条条大道，它们与这座城市、与自然风光共同筑成一道迷人的风景线↓↓ ????,9月6日 17:30,3,评论,赞,微博 weibo.com,FkzAKwO7o,0
146,【巴中市振兴川陕革命老区方案出炉 有一波交通“福利”与你有关！】#市州动态#日前，巴中市政府印发《巴中市川陕革命老区振兴发展规划实施方案》（以下简称《方案》）。《方案》对该市的交通建设做了哪些规划？有哪些“红包”与你的出行相关？赶紧来看看！ ????,9月6日 15:30,转发,2,赞,微博 weibo.com,FkyO2BRzo,0
147,【成都8条快速路招标，详细路线走向公布！】#市州动态#成龙简、成金简、成资、青金、成彭、成温崇、金简黄、金简仁快速路项目勘察设计招标文件已经审定并发布，文件中透露了8条快速路的走向，其中6条都在“东进”范围内，看看你家附近有哪条？,9月6日 15:00,3,1,赞,微博 weibo.com,FkyBSi875,0
148,【成都公交新开3条线路接驳地铁10号线】#交通民生#配合地铁10号线开通运行，成都公交集团拟新开3条公交线路，调整2条公交线路，进一步加强金花、簇桥、金履、译华学校等片区与地铁接驳。其中，新开261路(起讫点：译华学校站-七里大道中站)，调整1098路，暂停151a路，将于地铁10号线开通当日即9月 ????...展开全文c,9月6日 14:10,1,评论,赞,微博 weibo.com,FkyhI1joa,0
149,【宜宾公交进入“纯电动”时代】#市州动态#宜宾首个集中式充电站安装送电工程竣工验收合格，标志宜宾公交车走进了“纯电动”时代。该大型充电站建于宜宾临港经济开发区，有26个智能充电桩，能满足50辆公交车同时充电，以保障电动公交车线路正常运行。首批50辆“纯电动”公交车及示范线将于9月中 ????...展开全文c,9月6日 11:33,2,评论,4,微博 weibo.com,Fkxg4A2jb,0
150,最成都,9月6日 09:32,1,评论,1064,微博 weibo.com,Fkwt5geBW,0
151,【成都地铁最新车时刻表出炉 看准时间赶飞机】#市州动态#成都地铁首条机场专线地铁10号线一期将于9月6日9点16分开通试运营，9月5日，@成都地铁运营 公布了最新线路首末班车时刻表、换乘站点时刻表和天府通办理中心分布图。赶快收藏↓↓,9月6日 08:47,14,1,5,微博 weibo.com,Fkwaxts9o,0
152,【你现在状态的好坏，是你5年前的选择决定的】#四川早安#25岁的你，有很多理想，很多想做的事，可大多数时候你只是躺在床上玩手机。面对眼下的种种，你改变不了，又实在有梦。一个人目前状态的好坏，通常是他5年前的选择决定的。如果你不想30岁过疲惫的生活，就必须从25岁开始改变。过来人给你的 ????...展开全文c,9月6日 07:59,8,1,3,微博 weibo.com,FkvR3vNUE,0
153,#交通动态#注意！川九公路上“钢铁侠”出没，它们来保障你的通行安全啦！ ????,9月5日 18:29,1,1,2,360安全浏览器,FkqyAcwot,0
154,【峨眉：川零公路建设“提速”】#市州动态#日前，在川零公路峨眉山市川主乡蔡郎段，车辆穿梭，吊车挥舞，工人们架设桥梁板、编织钢筋，加快该段过山公路桥建设，现场一派繁忙景象。该公路全长22.26公里，预算总投资4亿元，是峨眉山旅游环线的重要组成部分。项目建成通车后，将把峨眉山沿线山岳风 ????...展开全文c,9月5日 15:29,1,评论,2,360安全浏览器,FkpnpxlbF,0
155,【眉山：岷江一桥改造项目施工忙】#市州动态#岷江一桥改造工程于2016年10月14日开工建设，截至目前已完成河道内桩基、墩柱施工，完成建安投资约6900万元。现正在进行河道内上部结构施工和两岸剩余墩柱施工，力争2018年春节前完成桥梁上游半幅贯通，实现交换通车。,9月5日 14:20,1,评论,2,360安全浏览器,FkoVv7AJX,0
156,【攀枝花：渡口立交3号桥有望提前开放交通】#市州动态#渡口立交3号桥位于省道214线南山路口，修建于上个世纪90年代初，是连接市区与仁和区、西区的重要通道。目前，渡口立交3号桥维修加固施工已完成桥梁加固裂纹修补、贴钢纤维板加固，更换伸缩缝和支座、桥面铺装等工作，正在进行人行道铺装和栏 ????...展开全文c,9月5日 11:39,转发,评论,1,360安全浏览器,FknRToxjc,0
157,"【都江堰M-TR旅游客运专线本月底开工】#交通动态#都江堰M-TR旅游客运专线由主线、都江堰支线、熊猫谷支线组成,线路全长总长20.33km,连接了离堆公园片区、滨江新区、中兴片区、青城山片区等区域,与成灌铁路共同构建了都江堰市的公共交通网络体系。预计M-TR旅游客运专线将于2019年实现通车试运营。",9月5日 09:15,3,1,3,360安全浏览器,FkmVpnyvF,0
158,#四川早安# “其实所有纠结做选择的人心里早就有了答案，咨询只是想得到内心所倾向的选择。最终的所谓命运，还是自己一步步走出来的。”——东野圭吾《解忧杂货店》 早安 ????,9月5日 08:00,2,评论,5,微博 weibo.com,FkmqTmfkE,0
159,#四川晚安#这个世界上有百分之五十的烦恼都是通过好好睡一觉就能解决的，至于剩下的一半，等睡醒再去想。晚安！ ? ????,9月4日 23:00,2,3,2,微博 weibo.com,FkiTI1H81,0
160,【成都：今起21路等8条公交线路恢复原走向】#市州动态#为配合成都中环龙腾西路、中环武侯大道跨线桥底层道路施工完毕，按照成都市交委、市交管局交通组织要求，今起，成都公交21、83、84、147、243、339、343、516路将恢复原线路走向。,9月4日 17:30,转发,1,1,微博 weibo.com,FkgJLb7Gb,0
161,【定了！9月6日成都地铁10号线正式开通】#市州动态历经3年多的建设运营筹备，在成都地铁线网中具有重要作用的首条机场专线——10号线一期工程将于2017年9月6日正式开通试运营。这条线路的开通试运营，实现了城市地铁交通与航空运输的无缝换乘，线路的开通对于分担机场大客流需求和带动临空经济示 ????...展开全文c,9月4日 16:27,3,5,3,360安全浏览器,FkgkqlAzW,0
162,【巴城南环线预计2018年10月全线通车】#市州动态#南环线建设再提速，熊家湾隧道已贯通，燕飞互通立交累计完成总工程量的95%。南环线为巴中城区至恩阳、巴中经开区的城市快速通道，起于省道302线通木垭，止于燕飞村互通立交，与西环线相接。该线全长16.682公里，建设工期为30个月。,9月4日 15:30,1,评论,6,微博 weibo.com,FkfX3eSac,0
163,【仁沐新高速马边支线动工】#市州动态# 日前，仁沐新高速公路马边支线LJ23标破土动工。仁沐新高速主线起于眉山市仁寿县满井镇，由北向南，经乐山市井研、犍为、沐川，到宜宾市屏山县新市镇附近，与规划建设的宜宾至攀枝花段高速公路相接，全长201.828公里，总投资248.8亿元。,9月4日 14:13,转发,评论,6,360安全浏览器,Fkfs8nRf5,0
164,"【雅西高速圣母庙隧道抢修完工 恢复双幅双向通行】#市州动态#8月28日晚21时50分左右，受连续降雨影响,圣母庙隧道右洞（成都至西昌方向）洞口上边坡发生溜坍，导致交通中断，路旁高压电杆断裂,变压器损坏。经过连续奋战，目前圣母庙隧道右洞洞口上边坡临时加固措施已完工，路段恢复双幅双向通行。",9月4日 11:15,转发,评论,3,360安全浏览器,FkehwAK07,0
165,"【内江市拆除国道321线内江境收费站消除安全隐患】#市州动态#为消除安全隐患,经内江市交通运输局研究并报请市政府同意,对国道321线内江境内的球溪、史家、隆昌三处未实施收费的收费站予以拆除。目前，市交投司已组织完成球溪、史家、隆昌三处收费站路面修复，清除了障碍物，确保了公路安全畅通。",9月4日 09:42,1,评论,2,360安全浏览器,FkdFMg7lS,0
166,#四川早安#已经起床的小伙伴在哪里？交通君才加完班 ????,9月2日 08:30,转发,3,7,微博 weibo.com,FjUlA81VB,0
167,【都江堰首个交通PPP项目签约 快捷旅游交通将串联起景区】#交通动态#都江堰M-TR旅游客运专线工程项目位于紫荆城以南、都汶高速以北的地块内，起于都江堰市仰天窝广场，止于成灌快铁青城山站，并串联万达文化旅游城、熊猫谷、成灌快铁都江堰站，有效连接了都江堰、青城山世界文化遗产地。工程总投 ????...展开全文c,9月1日 17:30,转发,评论,3,微博 weibo.com,FjOsgAUzY,0
168,【牛佛沱江二桥主桥顺利合拢 预计今年底前工程全面完工】#交通动态#牛佛沱江二桥建设工程为自贡市和大安区重点交通建设项目，是连接S309线自贡舒坪工业园至自贡港公路的重要桥梁，也是推动自贡临港经济开发区及沱江自贡牛佛港建设，实现“公、铁、水”联运的枢纽性工程。该桥位于牛佛沱江大桥下 ????...展开全文c,9月1日 15:41,1,2,1,360安全浏览器,FjNK85l8P,0
169,【“十三五”末红色景区基本实现三级以上公路网】#交通要闻#交通运输部近日正式印发《全国红色旅游公路规划( 2017-2020年)。规划确定了126个红色旅游公路项目，涉及28个省(区、市)，建设总里程约2442公里，总投资约231亿元，需安排车购税资金约74亿元，占项目总投资的32%。,9月1日 14:03,1,4,1,360安全浏览器,FjN6fqedA,0
170,【成渝高速资阳南站计划今年9月底通车】#交通动态#成渝高速公路资阳城南大道接口收费站站名字体已安装完成，该站取名为资阳高新区站，计划在今年9月底通车。成渝高速资阳南站是资阳高新区新增的重要出入口，也是资阳目前最大的在建收费站。相比老成渝，从这个收费站出发，距重庆方向缩短了5公里 ????...展开全文c,9月1日 11:17,1,1,1,360安全浏览器,FjM11tHXI,0
171,【新“甜城一卡通”惠及市民 7月实现异地消费534笔】#交通民生#内江从去年12月就已经发行可异地刷卡的新“甜城一卡通”，在全国“交通联合”刷卡终端上都能使用。目前实行“交通联合”一卡通的城市已经达到100余个，今年三月，内江城区内50多条无人售票的线路的车载终端已完成升级，可以使用“交 ????...展开全文c,9月1日 09:31,4,评论,2,360安全浏览器,FjLjTASSW,0
172,新华社消息，中共中央政治局8月31日召开会议，建议中国共产党第十九次全国代表大会10月18日在北京召开。,9月1日 09:21,1,评论,赞,360安全浏览器,FjLfSbm43,0
173,【奋斗路上告诉自己5句话】#四川早安#①人最大的对手是自己的懒惰；②做一件事不难，难在坚持；③尽力了，才有资格说是运气不好；④感觉累，也许是正处于人生的上坡路上；⑤最清晰的脚印，往往是印在最泥泞的路上。新的一天要加油，早安！,9月1日 08:30,1,2,2,微博 weibo.com,FjKV5fnft,0
174,#四川晚安#在你们那儿，把这个叫什么 ？ ????,8月31日 22:30,转发,17,4,微博 weibo.com,FjGZxg1Y6,0
175,【乐山长途客运中心站正式开始运行！】#市州动态#8月31日，就在今天，位于青江新区高铁站旁的乐山长途客运中心站将正式开始运行，老客运中心站将关闭。乐山长途客运中心站、高铁乐山站、乐山公交客运总站呈三角形分布，相隔就几百米的距离，真正的零换乘给乐山市民的出行带来了极大的方便。,8月31日 18:31,4,2,5,360安全浏览器,FjFqy1M4p,0
176,【航拍 | 探访国内最长地铁隧道】#交通分享#成都实施“东进”的控制性工程之一，全长66.71公里的地铁18号线是全国第一条穿越高瓦斯地层的城市轨道交通工程，9.7公里长的隧道是连通龙泉山两翼的“咽喉”，也是建设的重点和难点。截止目前，隧道已经完成了4.5公里，约占总进度的23%左右，施工进度 ????...展开全文c,8月31日 17:37,11,8,18,360安全浏览器,FjF4Fq5RZ,0
177,【厅公路设计院完成川九路灾后恢复重建重点路段地质调绘工作】#交通动态#近日，厅公路设计院完成川九路关门子至九寨沟沟口灾情严重路段灾后恢复重建方案地质调绘工作，对重要灾害点通过数码摄影测量获取了点云数据和三维模型，为地质灾害的判识和评估提供了重要支持。同时，该院还重点针对新二拐 ????...展开全文c,8月31日 15:25,2,评论,3,360安全浏览器,FjEdcztqj,0
178,【渝遂高速少云收费站临时关闭 预计9月4日开通】#交通动态#　G93渝遂高速因大修施工，从8月29日起，少云收费站进城方向一侧关闭，预计9月4号前开通。G93渝遂高速是重庆经四川省遂宁市到成都的重要交通要道。在此提醒，遂宁，潼南方向去往少云方向的车辆，请择道行驶，可在田家收费站提前下道，或 ????...展开全文c,8月31日 14:27,5,评论,赞,360安全浏览器,FjDPzhIaj,0
179,【9月起，这些新规将影响你我的生活！】#交通分享#①三大运营商全面取消长途费、漫游费；②中小学启用新版统编教材；③所有公立医院取消药品加成；④全国铁路列车运行图调整；⑤大学生创新创业成果可折算为学分……更多↓↓与你有关，扩散！,8月31日 12:52,9,1,1,360安全浏览器,FjDcY6Ptk,0
180,【国道108线瓷窑铺至七盘关段将停止收费】#交通动态#自2017年8月31日24:00起，国道108线瓷窑铺至七盘关二级专用公路(广北二专路)停止设站收取车辆通行费。国道108线瓷窑铺至七盘关二级专用公路(广北二专路)为四川北向进出川通道之一，全长48.51公里。经批准，该路段按经营性收费公路，自1998年6 ????...展开全文c,8月31日 12:04,3,7,2,360安全浏览器,FjCTNAPz2,0
181,【提醒司机不要鸣笛 成都6路公交车自制禁鸣手套】#交通分享#最近，成都6路公交车上有了一点小变化。原来，驾驶员右手佩戴的手套很不一样，上面画有明显的24小时禁鸣标识，画有图案的手套都在右手，手套的另一面还有公交车的车号。这是为提示驾驶员在开车时不鸣笛准备的，是成都公交车推出的 ????...展开全文c,8月31日 09:32,1,9,1,360安全浏览器,FjBTNwrkl,0
182,#四川早安#抱怨，是一种负能量，犹如搬起石头砸自己的脚，于人无益，于己不利，于事无补。 ????,8月31日 08:30,2,评论,5,微博 weibo.com,FjBuA46pf,0
183,#四川晚安#这个东西，在你们那里叫什么____？ ????,8月30日 22:30,2,28,3,微博 weibo.com,Fjxz34Y3U,0
184,【2016年公路建设市场全国综合信用评价发榜，看看你是哪一级】#交通动态#日前，交通运输部公布了2016年度公路建设市场全国综合信用评价结果，这是交通运输部连续两年同时公布包含公路设计、施工、监理企业及监理工程师的全国综合信用评价结果。,8月30日 17:54,转发,评论,1,360安全浏览器,FjvL81yzG,0
185,【成南高速建成四川省高速公路首个超微气浮湿地污水处理系统】#交通动态#该系统通过专利气泡发生器形成“气泡云”包裹水中小至0.05微米固、液体颗粒，上浮至水面形成浮渣层，能够去除高达99.9%的污染物。该技术比传统污水处理方式稳定且维护成本低，建造时搭配景观廊架与栈道，能在污水处理的同 ????...展开全文c,8月30日 15:49,1,1,3,360安全浏览器,FjuWC7ZQP,0
186,【9月 成自泸赤高速公路（泸州段）K267+650车行天桥交通管制】#交通动态#为确保维修工作顺利开展，泸州将在9月1日至9月30日期间对成自泸赤高速公路（泸州段）K267+650车行天桥实施临时交通管制。管制期间，禁止一切车辆人员通过。车辆绕行线路为机动车经成自泸赤高速公路绕行，即“董允坝收费站 ????...展开全文c,8月30日 14:16,1,1,1,360安全浏览器,Fjukyz5CO,0
187,【峨洪路黄湾至两河口段交管延期】#交通动态#因天气和施工难度等原因，峨眉山景区道路峨洪路K5公里（老鹰嘴）临时危岩处置未按时完工，需继续进行施工，为确保施工期间道路的通行安全，黄湾至两口河段道路夜间临时交通管制将延期。8月28日至9月3日期间，每日22：00起至次日凌晨4：00实施临时交通 ????...展开全文c,8月30日 11:37,2,评论,2,360安全浏览器,Fjti8qncE,0
188,【为什么中央环保督察期间四川省群众投诉举报数量最多？】#交通分享#投诉举报量第一，已办结案件数第一，被责令整改和立案处罚的企业单位最多，被约谈和问责的党员干部最多……从当前第四批中央环保督察八省区边督边改汇总情况来看，四川有些引人注目。截至8月23日，中央第五环保督察组向四川省转办的 ????...展开全文c,8月30日 09:52,3,1,赞,360安全浏览器,FjsBK1P5c,0
189,【九环线平武段力争5天抢出可供小车通行的便道】#交通动态#。8月29日下午17：30分，绵阳市交通运输局局长在平武县主持召开了九环线交通应急抢险保通保畅工作会议。施工机械将首先抢出施工便道，再用铅丝笼护脚加固的方式抢通可便道。在不出现新灾情的情况下，力争5天抢通便道，实现小车管制通行 ????...展开全文c,8月30日 09:20,5,6,1,360安全浏览器,Fjsotl0bN,0
190,#四川早安# 寻找着雨后的彩虹，渴望从美丽的色彩中看到未来的颜色。 ????早安 （图片：雅康高速泸定大渡河兴康特大桥） ????,8月30日 08:30,转发,6,10,微博 weibo.com,Fjs45cEOm,0
191,【哈哈哈哈嗝】#四川晚安#都说笑声是可以传染的，不开心的时候笑一笑，心情也会变得好起来。听听这8种魔性笑声，你坚持到了第几个？L全球视频大魔王的秒拍视频,8月29日 22:30,1,2,6,微博 weibo.com,Fjo8ybsLQ,0
192,【骑着单车欣赏美景！300辆共享单车投放理塘 】#交通动态#8月28日，理塘县在格萨尔广场举行“1步单车”投放仪式。此次“1步单车”共设置27个投放点，投放单车300辆，覆盖县城等地。收费标准为1小时1元。为规范共享单车管理，该县还制定了相关管理办法。办法规定，不能随意把共享单车丢到理塘运营 ????...展开全文c,8月29日 15:43,转发,1,2,360安全浏览器,Fjltz7XKR,0
193,【广元4A级以上景区旅游直通车全覆盖】#交通动态#通过与景区的沟通衔接，四川广运集团股份有限公司将现有广元至青溪客运班车延伸至唐家河游客中心发班；将广元至朝天客运班线延伸至雪溪洞、明月峡景区发班，并在景区内设立了专门的停车场，最大限度地方便广大旅客的出行需求。,8月29日 14:26,3,2,5,360安全浏览器,FjkY7c6vG,0
194,【武都至九寨沟高速公路WJSJ2合同段初步设计完成】#交通动态#本合同段起点位于陇南市文县尖山乡尖山村，终点位于文县石鸡坝乡水沟坪村，与四川境内九寨沟(川甘界)至绵阳高速公路起点相接，路线里程55.31公里。项目总体分布于狭窄走廊带，地形、地质条件复杂，桥隧占比达到了79.9%，代表性工程有 ????...展开全文c,8月29日 12:04,2,评论,2,360安全浏览器,Fjk2ydUVm,0
195,【前往彭州、都江堰请注意绕行】#交通动态#因近日降雨，彭州、都江堰两条公路水毁塌方断道，途经两处的亲们，请绕行哦！昨日凌晨彭州突发山洪，银白路九银桥处水毁断道，目前雨大水大，暂时无法立即抢通。都江堰蒲虹路K4+500至K6处塌方，导致路面受阻。请市民朋友绕行，注意出行安全。,8月29日 10:18,1,评论,1,360安全浏览器,FjjlKr7lf,0
196,【雅西高速荥经段塌方段 恢复单幅双向通行 车流量较大】#交通动态#昨晚因塌方断道的雅西高速荥经段圣母岗隧道附近，经现场仔细勘查，未造成车辆掩埋，未导致人员伤亡，因现场塌方面积较大，目前仍在抢通中。目前此路段已解除禁行管制，采取单幅双向通行，车流量较大。往石棉西昌方向车辆也可从荥 ????...展开全文c,8月29日 09:26,2,评论,1,360安全浏览器,Fjj0HdSxx,0
197,【成都地铁首条机场专线10号线车站亮相 地铁航空无缝对接】#交通动态#8月28日，成都地铁10号线一期车站正式亮相，6座地下车站整体采用简约时尚的现代主义风格，“祥云织绣锦，凤凰舞九天”装修设计理念，设备设施使用功能上更人性化，双流机场2航站楼站设在机场候机楼大厅负一层东侧，不用出到地 ????...展开全文c,8月29日 09:24,9,8,9,360安全浏览器,FjiZJwozh,0
198,【交通君邀你来拍一组创意情侣照，体验一把“花式秀恩爱”】#交通分享#说到拍照，把公路作为背景是个不错的题材，而咱们四川有的是“高颜值”的景观大道，在上面来一张别样的情侣照会是什么效果？今天交通君给你们放大招啦~~教你如何将情侣照拍得有趣拍出创意！ ????,8月29日 09:16,3,评论,6,360安全浏览器,FjiWszOVR,0
199,【绵阳：涪江三桥29日凌晨恢复通行】#交通动态#经过八个月的全封闭维修，涪江三桥维修加固工程提前1个月完工，将于29日凌晨恢复通行。根据国家相规定，为确保桥梁安全，今年1月30日，我市启动“涪江三桥维修加固工程”，计划工期9个月。,8月28日 17:46,转发,评论,2,360安全浏览器,FjcR4hoab,0
200,【成彭高速扩容改造工程 该项目全长18.441公里】#交通动态#该项目全长18.441公里。第一段——起点至新成都主线收费站采用双向六车道一级公路标准，设计速度60公里/小时，路基宽度26米。第二段——新成都主线收费站至大丰枢纽立交止点段采用双向六车道高速公路技术标准，设计速度80公里/小时，路 ????...展开全文c,8月28日 15:42,1,6,2,360安全浏览器,Fjc2Jl0WD,0
201,"【G85高速广渝段预计10月建成通车】#交通动态#巴（中）广（安）渝（重庆）高速公路四川省境内段已于去年底建成通车,重庆市境内段预计将于今年10月建成通车。届时,广安至重庆车程将由现在的1个半小时缩短到45分钟。该条高速公路将成为广安市南下重庆、北上西安等地最便捷的大通道,对于广安市加速 ????...展开全文c",8月28日 14:44,5,4,1,360安全浏览器,FjbFf94Uw,0
202,【九寨沟地震灾后交通治理进行时 川九路四处路段是重点】#交通动态#九寨沟地震后，周边国省路网多处塌方点和危险路段早前虽然已可以应急通行，但是治理工作仍在加紧实施。其中川九路四处路段为治理重点↓↓ ????,8月28日 11:51,2,评论,2,360安全浏览器,FjawHyrhd,1
203,【降雨致彭州、都江堰两条公路塌方断道 请绕行】#交通动态#因近日降雨，彭州都江堰两条公路水毁塌方断道，请绕行。今日凌晨彭州突发山洪，银白路九银桥处水毁断道，目前雨大水大，暂时无法立即抢通。都江堰蒲虹路K4+500至K6处塌方，导致路面受阻。请市民朋友绕行，注意出行安全。,8月28日 11:02,1,评论,赞,360安全浏览器,Fjad22FEZ,0
204,【今日起，外地公交卡也可以在成都使用了！】#市州动态#目前成都市公交集团下属公交车车载终端升级改造工作已圆满完成， 8月28日正式开通常规公交城市交通一卡通刷卡功能，实现常规公交在全国范围内的一卡通互联互通。也就是说异地发售的城市交通一卡通可在成都市公交集团下属标有“交通联合”的公交线 ????...展开全文c,8月28日 09:22,4,12,4,360安全浏览器,Fj9yAfJ30,0
205,【成都推出78个PPP项目 包含16个交通运输领域项目】#市州动态#今日，成都市发改委公布《成都市2017年政府与社会资本合作（PPP）推介项目信息表》布，此次推介的项目共78个，总投资3208亿元。其中交通运输领域项目16个，包括市域快速路、中优城市快速路及主干路改造项目等，总投资1534亿元。,8月25日 17:08,2,评论,赞,360安全浏览器,FiKk5pkax,0
206,【宜宾“纯电”公交9月上岗 两条示范线同步打造】#市州动态#新公交购置与充电站建设将同步进行，这批新公交投用后，5路、27路两条城区主要公交线路将成为“纯电动”公交的示范线。届时，宜宾全市公交车数量将达到795辆，其中268辆为插电式混合动力公交，其余为CNG（天然气）动力车。,8月25日 16:35,1,评论,赞,360安全浏览器,FiK6NgMqs,0
207,#交通分享#300米高空施工如“杂技” 站上云端再看雅康 L四川交通的秒拍视频,8月25日 15:55,1,1,3,360安全浏览器,FiJQwa6NM,0
208,【今日起 泸州公交288路延伸至城北公交枢纽站】#市州动态#开学季即将到来，为方便泸州十二中的学生上学，从8月25日起，泸州公交288路途经泸州十二中，延伸至城北公交枢纽站，首末班时间为6:00至21：30，线路走向如下↓↓,8月25日 14:35,转发,评论,赞,360安全浏览器,FiJk9cUwB,0
209,【26日起 雅西高速彝海至栗子坪段将实行交通管制】#交通动态#雅西高速西昌到成都方向冕宁段彝海安检站8月26日17时30分准时开始对限行车辆进行分流，所有货车全天禁止通行，中大型客车每日17时30分至次日9时禁止通行，管制车辆彝海安检站下高速，绕行108国道后栗子坪收费站再上高速，解除时间待定 ????...展开全文c,8月25日 11:48,3,1,赞,360安全浏览器,FiIe19hx4,0
210,【同学们，赶紧的！四川交通技师学院正式向社会招生啦！】#交通分享#近日，四川交通运输职业学校经省政府批准设立四川交通技师学院并正式向社会发布招生简章。首批招生专业涉及汽车、道桥、物流及工程机械等六大热门专业。依据相关政策，高级工、预备技师毕业生比照大专及本科学历享受待遇 ????...展开全文c,8月25日 09:49,转发,评论,2,360安全浏览器,FiHs2ptq1,0
211,【四川推出28个PPP示范项目 多个交通项目入选】#交通动态#近日，四川省财政厅公布2017年全省政府与社会资本合作（PPP）示范项目28个，总投资365.57亿元，包括巴万高速、兴文县“十三五”脱贫攻坚农村公路建设工程等多个交通项目。戳图了解↓↓O四川推出28个PPP示范项目 多个交通项目入选,8月25日 09:14,3,1,1,360安全浏览器,FiHdQsdvU,0
212,#四川早安# 几乎每个人都听过“不忘初心，方得始终”，却少有人知道下一句“初心易得，始终难守”。做任何事情，难在坚持，贵在坚持！早安? ????,8月25日 08:30,6,2,5,微博 weibo.com,FiGVBzkXh,0
213,#四川晚安#有没有外地在川的小伙伴，来说说你学会的第一句四川话是_____？ ???? ????,8月24日 22:30,转发,13,6,微博 weibo.com,FiD03B9QM,0
214,【巴中拟投放新能源汽车8000台】#市州动态#近日，新能源汽车生产线建设及便民服务项目签约仪式举行。该项目拟投放新能源汽车8000台拟在巴中市三县两区的城市周边、高速公路出口、旅游景点等两公里左右处共建设充电综合服务中心12个；计划在城市规划区内、乡镇客运站、大型物流园、工业园区及相关 ????...展开全文c,8月24日 17:40,转发,评论,3,360安全浏览器,FiB6tAvEf,0
215,【攀枝花15辆新能源公交车正式投入使用】#市州动态#本次投入使用的15台新能源车辆为10.5米LNG气电混合动力公交车，剩余车辆将于9月陆续到攀投入使用。为满足更多市民安全、环保出行需求，今年所购63台新能源公交车主要投放在经过主城区且客流较大的1路、12路、105路、113路等公交线路。,8月24日 15:47,转发,1,3,360安全浏览器,FiAmG9Fey,0
216,【注意！宜宾新增40、41路公交线路 、5、12、27、33路有调整】#市州动态#8月25日起，宜宾将新增2条公交线路，调整线路4条，撤销线路1条。新增两条公交线路一条为“下江北”至“上江北”，一条为“下江北”至“南岸”，均与临港区有关。本次线路调整包括↓↓@宜宾发布,8月24日 11:28,1,1,2,360安全浏览器,FiyFAj3aB,0
217,【8月24日 泸州长江干线全线封渡停航】#交通动态#8月23日上午，泸州市防汛抗旱指挥部发布了长江洪峰预警信息：当日上午8点长江水位6.01米，预计今日上午8点长江泸州段有洪峰过境，最高水位为8.01米，较昨天同时段水位上涨2.0米。今天泸州长江干线全线将封渡停航，待水位回落后方能开航。各区县支 ????...展开全文c,8月24日 10:46,2,评论,赞,360安全浏览器,FiyoH5nGE,0
218,【央视新闻联播点赞：四川交通建设打开脱贫致富大门】#交通分享#昨晚，央视《新闻联播》播出报道“砥砺奋进的五年 精准扶贫路 全面奔小康”，展示了我省通往甘孜藏区的第一条高速公路——雅康高速公路，并点赞四川交通扶贫工作。戳视频↓↓ L四川交通的秒拍视频 ????,8月24日 09:40,4,2,9,360安全浏览器,FixXEq6sY,0
219,#四川早安#生活不能等待别人来安排，要自己去争取和奋斗；而不论其结果是喜是悲，但可以慰藉的是，你总不枉在这世界上活了一场。有了这样的认识，你就会珍重生活，而不会玩世不恭；同时，也会给人自身注入一种强大的内在力量。——路遥 早安 ? ????,8月24日 08:30,转发,3,2,微博 weibo.com,Fixv71Msl,0
220,#四川晚安#没有人会一直顺利 。愿你逐渐强大，终有一天，你可以笑着讲述那些曾让你哭的瞬间 。 ????,8月23日 22:30,3,3,4,微博 weibo.com,FitzzodGf,0
221,【成都车展来了！这里有一份最全的交通出行攻略，请注意查收！】#市州动态#8月25日到9月3日，在成都世纪城新国际会展中心等你！是不是很激动？很想去？交通君这就为你奉上交通出行攻略↓↓↓,8月23日 17:39,1,1,2,360安全浏览器,FirFt8jhZ,0
222,【叙永：乌蒙天堑筑路 助力老区脱贫】#市州动态#地处川滇黔交界处的四川省叙永县，近年来，当地以构建川滇黔结合部区域交通枢纽次中心为总目标，通过建设以高速公路、铁路、国省干线公路、产业旅游公路、农村公路和客货运站场组成的综合交通运输体系，加速形成县城到乡镇和相邻地级城市“1小时 ????...展开全文c,8月23日 15:30,2,4,3,360安全浏览器,FiqPnmHx0,0
223,【万源市拟投资16.78亿余元新改建公路57.1公里】#市州动态#万源市道路PPP项目建设工程，主要包括党家坝－青滩河旅游道路项目、黄溪河－旧院场镇－龙潭河公路升级改造工程项目、万源城区环城路（罗家湾－环城路－鞠家坝）建设项目与省道S403万源市罗（文）厂（溪）路升级改造工程建设项目4个子项 ????...展开全文c,8月23日 13:43,3,评论,2,360安全浏览器,Fiq7TCOjk,0
224,【等公交也能连WiFi 成都熊猫绿道公交站将变“驿站”】#交通民生#未来成都三环路的公交站台会增加多种人性化的服务设施，成为一处小型“驿站”。三环路改造后辅道外侧设置专用公交道，并增设大站公交。新建的公交站除满足市民等车休息、遮风避雨等需求外，还增加了电子公交站牌、智能显示屏、母 ????...展开全文c,8月23日 09:37,1,评论,1,360安全浏览器,FiovTC55z,0
225,【秒过高速，还能省油低碳！成都市管高速新增119条ETC车道】#市州动态#目前，成都的成灌、机场、成温邛、成彭、城北出口等五条市管高速ETC车道改造工作已全部完成，新增119条ETC车道已于7月正式投入使用。升级后的ETC车道实现了站点全覆盖，同时也为持续增长的ETC用户群，提供了高效、稳 ????...展开全文c,8月23日 09:11,2,2,3,360安全浏览器,FiollCimz,0
226,#四川早安#人生若跌倒谷底，剩下的便只有往上爬了。早安～ ? ????,8月23日 08:30,转发,2,7,微博 weibo.com,Fio4BxuXX,0
227,#四川晚安#深夜的霓虹车影，穿行在大街小巷，护送着南来北往的人们，长夜漫漫我们始终在这里。298路----成都的“守夜人”。 ????@成都公交,8月22日 22:30,1,5,14,微博 weibo.com,Fik94yDgW,0
228,【划重点！#驾考新规#都有哪些变化？】#交通分享#驾考新规10月1日起实施：①侧方停车规定时间内未完成不合格，曲线行驶时挡位未挂在二挡以上扣5分；②过路口不避让行人、非机动车为不合格；③起步、转向、变更车道、超车、靠边停车前，开转向灯少于3s即转向为不合格……↓↓ 转给想学车的TA！,8月22日 17:30,6,3,3,微博 weibo.com,FiibiEVQQ,0
229,【在“烂豆腐”上打洞 甘孜最难建公路隧道有望年底贯通】#交通动态#仅剩300多米，海子山隧道就可贯通了！省道217线石渠至马尼干戈公路改建项目于2012年开建，由厅交通勘察设计研究院代建。项目全线217公里，其中长2公里多的海子山隧道是公认的甘孜州地质条件最差、最难建的公路隧道。 ????...展开全文c,8月22日 16:35,2,2,3,360安全浏览器,FihPa8fpP,0
230,#交通动态#G108线雅安市荥经县境内K2437.800(小地名：石门沟大桥）距大桥100米断道处已恢复车辆通行。,8月22日 15:42,1,评论,赞,360安全浏览器,FihtzyEKe,0
231,【@成都地铁 10号线一期通过专家评审 下个月可以坐地铁赶飞机啦~】#交通动态#近日，10号线一期顺利通过试运营基本条件专家评审，并获得专家组“具备开通条件”的最高标准评价。该线路预计将于下月开通，届时成都市民赶飞机，从城区出发最少15分钟即可到达。此外地铁7号线也将在今年下半年开通。,8月22日 15:41,7,4,10,360安全浏览器,FihtlFzxm,0
232,【岷江港航电工程地形水位补测完成】#交通动态#厅交通勘察设计研究院于日前完成了对岷江港航电综合开发项目地形、水位补测，这次补测是7年来首次。2009年，厅勘察设计研究院曾对岷江江道图进行了测量，测绘成果获“全国优秀测绘工程奖银奖”，此次补充测绘是对这一基础数据的补充和完善。,8月22日 13:30,2,评论,2,微博 weibo.com,FigBSwHsQ,0
233,【激光航测首飞“8·8”九寨沟地震灾区】#交通动态#8月18日，厅交通勘察设计研究院测绘队激光雷达航测在“8·8”九寨沟地震灾区进行首次飞行。通过机载激光雷达系统测绘得到的高密度的三维激光点云、高分辨率正射影像、数字高程模型、数字线画图等数据，为更新完善川九路BIM模型提供基础资料，为科 ????...展开全文c,8月22日 11:35,1,1,5,360安全浏览器,FifRAtGeU,1
234,那些年被遗忘的“骑行手语”，马上学起来！,8月22日 10:35,5,2,9,360安全浏览器,FifsZ6orQ,0
235,【国道108线雅安荣经县内发生边坡垮塌已断道】#交通动态# 国道108线雅安市荣经县境内K2437 800(小地名：石门沟大桥）距大桥100米处因降雨出现边坡垮塌，目前已中断交通，预计8月22日12时恢复通行。请司机朋友们注意及时调整行程。,8月22日 10:16,2,1,2,360安全浏览器,FiflgaSLG,0
236,【沿江高速工程可行性研究报告通过部审】#交通动态# 沿江高速起于宜宾新市镇，止于攀枝花市金江镇，项目全长约459公里，总投资890余亿元。按照计划，沿江高速预计今年开工，2022年建成，届时，宜宾到攀枝花的车程将由现在的10个小时缩短为6个小时，对凉山州脱贫攻坚也将产生深远影响。,8月22日 09:24,3,评论,赞,360安全浏览器,Fif01o0na,0
237,#四川早安#当你烦恼不断的时候，说明你有必要出去见见世面了。看看不同的风景，接触不同的人和事，你就知道，你不过是在徒增烦恼罢了。早安 ????,8月22日 08:30,3,评论,4,微博 weibo.com,FieE70UZR,0
238,#四川晚安#【实用！聊天时如何避免尴尬冷场】你有没有遇过本来跟人聊得挺欢，突然双方都陷入沉默的尴尬状况？插一句“这让我想起...”，多提开放性问题，用万年老问题救场，凭感觉夸赞对方，或享受沉默让别人去伤脑筋。五个妙招，避免聊天冷场↓↓L谷大白话的秒拍视频 ????,8月21日 23:00,转发,1,3,微博 weibo.com,FiaUL0V0e,0
239,【沐川：扶贫路建成 公交车进村】#交通民生#近日，沐川县大楠镇金盆村开往大楠场镇和底堡乡的镇村公交车正式开行。公交车的开通，让我村853名群众享受到了交通扶贫带来的实惠，有效缓解了过去坐车困难的问题。目前，全县共建成通村、通组水泥路2593.62公里，开通镇村客运线路23条，农村客运车辆55 ????...展开全文c,8月21日 17:47,转发,评论,3,360安全浏览器,Fi8RKFUEp,0
240,【20条乘车驾车的经验，必读！】#交通分享#我们曾目睹过无数起车祸的惨烈现场，也看过他人失去亲人的悲痛。别让不规范、不安全的驾车行为造成难以挽回的后果！20条乘车驾车经验：①浅色车，安全系数最高；②安全带必系，无论前后排；③远离大车；④调整后视镜避盲区……转发，让更多人知道！?? ????...展开全文c,8月21日 16:30,12,1,3,360安全浏览器,Fi8mL7i0l,0
241,【交通运输部：细化公路水路安全考核评价】#交通民生#近日，交通运输部办公厅印发《公路水路行业安全生产工作考核评价办法》，深化平安交通建设，提高安全发展水平。《办法》将于2018年1月1日起施行。根据《办法》，考核评价包括安全责任、法规制度、体制机制、预防控制、支撑保障、事故和重大隐 ????...展开全文c,8月21日 15:29,转发,1,2,360安全浏览器,Fi7Y1uvyY,0
242,【内江城市过境高速公路（东兴段）项目建设进展顺利】#市州动态#内江城市过境高速公路是省级重点项目之一，是内江进一步完善高速路网、实现“内江半小时经济圈”的重点项目。该项目在东兴境内全长38公里，途经中山镇、椑木镇、椑南镇、小河口镇、新江街道、郭北镇、高桥街道、田家镇、柳桥镇、双 ????...展开全文c,8月21日 14:12,转发,评论,3,360安全浏览器,Fi7sKeIsz,0
243,【图说：交通建设掀高潮】#交通分享#2017年是乐山实施交通三年攻坚大会战的关键之年。全市交通运输系统秉持“干在实处、走在前列”工作取向，按照打通“大动脉”、畅通“内循环”、改善“微循环”思路，推进“十纵八横三环线”交通基础设施建设，高速公路、岷江航电、铁路等项目抓紧施工，交通建 ????...展开全文c,8月21日 11:33,4,评论,赞,360安全浏览器,Fi6q4npHX,0
244,【注意了！明日起，内江城区这条公交线路将作调整！】#市州动态#据@内江公交???，2017年8月22日起，内江城区204路线路走向将作以下调整↓↓为了不走冤枉路，下面的消息大家可要看明白了！,8月21日 10:10,1,评论,2,360安全浏览器,Fi5Slbvv6,0
245,【1-7月四川农村公路新改建1.38万公里】#交通动态#今年1月至7月，四川农村公路新改建1.38万公里，占年度目标任务的69.2%。全年将新增通硬化路建制村2000个以上，力争基本实现全省所有乡镇通沥青路。“十三五”期，四川以通乡沥青路、通村硬化路、“交通+特色产业”扶贫等为重点，将新改建贫困地 ????...展开全文c,8月21日 09:28,1,3,1,360安全浏览器,Fi5BeCyvX,0
246,#四川早安#如果你想要什么，那就勇敢地去追求，不要管别人是怎么想的，因为这就是实现梦想的方式。早安！ ????,8月21日 08:34,1,2,赞,专业版微博,Fi5fxjKuD,0
247,#交通分享# 我们是谁？可不仅仅是蹭热点的四川交通人！ ????,8月19日 15:16,1,4,5,iPhone 6s Plus,FhP1tAchv,0
248,【国务院安委办：全面排查800公里以上客运班线】#交通要闻#日前，一辆成都出发前往洛阳的客车在秦岭1号隧道南口撞上外侧山体护墙，导致36人死亡、13人受伤。国务院安委办要求，对800公里以上超长客运班线进行一次全面排查，严格落实长途客车凌晨2时至5时停车休息制度或实行接驳运输，确保客运驾 ????...展开全文c,8月18日 15:45,转发,评论,3,360安全浏览器,FhFN3tjrr,0
249,【成都力争把18号线北延到火车北站】#交通动态#@成都地铁 现把行车间隔开到2分钟，现在的能力和实际需求还相差五六千人，所以大家在站台上就会排队。成都地铁为此做过规划、设计，包括5号线的开通。还力争把18号线北延到火车北站，如能实现，地铁1号线拥堵的局面就能得到缓解。,8月18日 15:43,4,1,4,360安全浏览器,FhFMcAaEn,0
250,【诺水河-光雾山一级公路项目完成选线选址】#交通动态#该项目起点位于通江县两河口乡，途经两河口乡、诺水河镇、铁厂乡和南江县汇滩乡、贵民乡、沙坝乡、关坝镇、上两乡、寨坡乡，终点接国道G244，全线长91.53公里，主线设计速度60公里/小时。,8月18日 14:05,1,2,2,360安全浏览器,FhF86iNwX,0
251,【宜宾首条有轨电车线路确定 10个站点覆盖临港】#交通动态#该10个站点及站间隔距离规划为：临港站——轨道产业园站（间隔1030米）——企业服务中心站（间隔1170米）——智能产业园站（间隔1100米）——龙兴路站（间隔930米）——梨湾路站（间隔1020米）——龙头路站（间隔1080米）——护国路站（ ????...展开全文c,8月18日 11:43,3,3,4,360安全浏览器,FhEcAmKP6,0
252,再接再厉！,8月18日 09:46,转发,评论,3,360安全浏览器,FhDrmAPLd,0
253,【天府大道春节前直通仁寿城区 成仁两地缩短至30余公里】#交通动态#天府(仁寿)大道起于仁寿和双流交界处，接成都天府大道南延线，止于成赤高速公路仁寿城区连接线，直通仁寿县城。长30多公里，设计速度80公里/小时，双向8车道。明年通车后，仁寿城区到成都，开车半个小时就到了。,8月18日 09:33,3,8,2,360安全浏览器,FhDlN8L9T,0
254,#四川早安#懦怯囚禁人的灵魂，希望可以令你感受自由。强者自救，圣者渡人。——斯蒂芬·金《肖申克的救赎》 ????,8月18日 08:30,3,2,8,微博 weibo.com,FhCW8dwMI,0
255,#四川晚安#不在任何东西面前失去自我，哪怕是教条，哪怕是别人的目光，哪怕是爱情。——《成为简·奥斯汀》 ????,8月17日 23:00,转发,2,7,微博 weibo.com,FhzcLw5Bh,0
256,【注意啦！峨眉山景区部分道路夜间实施临时交通管制！】#交通动态#峨眉山景区道路峨洪路K5公里(老鹰嘴)岩体破碎，易发生崩塌，经地质专家多次现场勘察，必须立即进行处置。交通管制时间：2017年8月16日至2017年8月27日期间，每日晚上22:00时起至次日凌晨04:00时止。交通管制措施：交通管制期间， ????...展开全文c,8月17日 16:30,4,评论,2,微博 weibo.com,FhwEt8H0Z,0
257,【广安市“四个一批”全方位打通“脱贫奔康路”】#市州动态#⑴规划一批旅游环线。整合华蓥山、嘉陵江渠江沿江旅游资源，加快推进华蓥山西麓旅游公路建设，启动华蓥山东麓、宝鼎景区等100公里旅游扶贫规划。⑵建设一批产业环线。利用贫困地区农业、林业等资源优势，启动岳池北部经济干线、广安 ????...展开全文c,8月17日 15:30,转发,评论,2,微博 weibo.com,Fhwg76FY1,0
258,【诺水河至光雾山公路将添“漫游道”】#交通动态#为了增加游客的体验度，丰富旅游项目，巴中市将在诺水河至光雾山公路边设计修建“漫游道”，供游客及市民步行和骑行游览。围绕打造“绿色交通”“交通+旅游”的设计思路及理念，巴中目前正在有序推进项目的各项前期工作，完成了增设自行车及人行漫 ????...展开全文c,8月17日 13:30,3,评论,1,微博 weibo.com,Fhvtpbqe8,0
259,【全国“四好农村路”养护现场会即将召开】#媒体聚焦#交通运输部办公厅日前发出通知，全国“四好农村路”养护现场会将于8月23日至24日在山东省临沂市召开。会上，将由浙江、福建、山东、湖北、河南、四川、重庆、贵州等8个省（市）交通运输厅（委），江西省安远县作典型经验交流；并分组讨论《深 ????...展开全文c,8月17日 11:30,2,评论,赞,微博 weibo.com,FhuGHi9uZ,0
260,【攀枝花即将投用一批气电混动公交车】#市州动态#攀枝花公交客运总公司日前购买了35辆气电混动公交车。第一批15辆于8月11日到攀，计划于8月18日左右上牌后投入运营，线路为1路、12路和12路区间车等线路。气电混动公交车燃料成本比柴油节约30%，并且尾气中不含铅、苯等物质，基本不含硫化物，一氧 ????...展开全文c,8月17日 09:11,4,评论,3,360安全浏览器,FhtMrAL4p,0
261,#四川晚安#我或许败北，或许迷失自己，或许哪里也抵达不了，或许我已失去一切，任凭怎么挣扎也只能徒呼奈何，或许我只是徒然掬一把废墟灰烬，唯我一人蒙在鼓里，或许这里没有任何人把赌注下在我身上。无所谓。有一点是明确的：至少我有值得等待有值得寻求的东西。——村上春树《奇鸟行状录》 ????,8月16日 23:00,5,5,8,微博 weibo.com,FhpMgF7BY,0
262,【即时路况信息】截至8月16日16时，为保障救援车辆通行全省高速路网：包茂高速达陕段（达州至陕西方向）1194公里+800米 段应急车道与超车道实行交通管制；达陕高速狮子寨隧道因施工，陕西至达州方向实行单洞双向通行；岳池收费站进行封站扩建；巴广渝高速 K95+890（广安至巴中方向）、龙顶观隧道K1 ????...展开全文c,8月16日 16:11,1,评论,3,专业版微博,Fhn6Czp9X,0
263,【广元：修好脱贫致富路 全域旅游蓄势待发】#市州动态#2015年，扶贫攻坚战役打响后，广元市朝天区委、区人民政府和文安乡党委、政府经过多次的实地勘察，修建了乡政府至将军村长达15公里的通村公路。今年还将硬化5000余米的通组公路。年底，将军村就将实现硬化公路通组通户。,8月16日 15:30,1,评论,1,微博 weibo.com,FhmPCg0qt,0
264,【两年内成都将开通多条地铁线】#市州动态#8月15日，成都轨道集团有限公司相关负责人透露，成都未来两年将有多条地铁线路开通，同时在运营方面，也将多措并举破解换乘难题。其中，地铁10号线最快9月开通、7号线力保年底开通、5号线争取提前到2019年开通。此外，明年上半年，成都地铁还会开通两个 ????...展开全文c,8月16日 13:30,3,2,5,微博 weibo.com,Fhm2UkMDT,0
265,【全国将建2442公里红色旅游公路】#交通动态#近日，交通运输部印发《全国红色旅游公路规划（2017—2020年）》，确定126个红色旅游公路项目，建设总里程约2442公里其中，中西部地区建设里程占比达90.8%。《规划》明确，要重点对现状四级以下的红色旅游经典景区景点出口路、直接连接和服务景 ????...展开全文c,8月16日 11:35,4,2,赞,专业版微博,FhlieA6SW,0
266,【即时路况信息】#四川九寨沟7.0级地震# 截至8月16日10时，为保障救援车辆通行全省高速路网：包茂高速达陕段（达州至陕西方向）1194公里+800米 段应急车道与超车道实行交通管制；达陕高速狮子寨隧道因施工，陕西至达州方向实行单洞双向通行；岳池收费站进行封站扩建；巴广渝高速 K95+890（广安至巴 ????...展开全文c,8月16日 11:02,2,评论,1,专业版微博,Fhl5coTJl,1
267,【成乐高速扩建 机载激光雷达绘“3D图”】#交通分享#近日，在成乐高速扩容改造上百公里的测量中，公路规划勘察设计研究院首次应用机载激光雷达扫描技术。原本需要3个月且可能断道的危险测量工作，只花了10来天便得以安全完成，且未对正常交通造成影响。截至目前，成乐高速扩容项目青龙场至眉山试 ????...展开全文c,8月16日 09:58,2,评论,2,专业版微博,FhkEZwcNZ,0
268,#四川早安#如果你想要什么，那就勇敢地去追求，不要管别人是怎么想的，因为这就是实现梦想的方式。早安！ ????,8月16日 08:30,1,评论,2,微博 weibo.com,Fhk58vs9N,0
269,#四川晚安#有时候，你需要走出去，呼吸新鲜空气，提醒自己你是谁，你要成为谁。晚安！ ????,8月15日 23:00,2,评论,6,微博 weibo.com,FhglMakmA,0
270,【汶马高速公路 累计完成投资141.9亿元】#交通动态#截至7月底，汶马高速公路本年度累计完成投资32.2亿元，占交通运输厅下达的年度投资目标60亿元的53.6%；自开工累计完成投资141.9亿元，占项目概算总投资287亿元的49.4%。,8月15日 15:30,2,3,2,专业版微博,FhdprwLaL,0
271,【这是责任，也是使命】#四川九寨沟7.0地震#“90后”李明，是绵阳市运管处的“小年轻”，8月份刚刚领了结婚证，新婚的甜蜜还洋溢在脸上。8月9日一早，刚结束夜班值守的他，还没来得及休息便投入到转运工作中。为了急需转运的游客能早日回家与亲人团聚，他只能将对家人的亏欠深深埋入心中，因为这是责任 ????...展开全文c,8月15日 13:32,转发,1,6,专业版微博,FhcDAeVjI,1
272,【“爸爸，我想给你送安全帽”】#四川九寨沟7.0地震#龚锐是绵阳市运管处客运科副科长，地震发生后，他立即奔往游客转运保通保畅工作的最前线。汶川地震、九寨沟地震龚锐都奋战第一线，不能陪伴在家人左右。“爸爸，我想给你送安全帽。”孩子懂事的话语，让龚锐欣慰又带点遗憾。,8月15日 11:06,1,1,3,专业版微博,FhbG3w096,1
273,#交通动态#厅公路局：S217线甘孜州乡城县境内河东乡乡城大桥K847 290处，于8月15日8时30分发生泥石流已中断交通，预计8月15日15时恢复通行。,8月15日 10:31,转发,1,赞,专业版微博,Fhbs1AT7T,0
274,【泸州新增25公里沿沱江旅游道路】#交通分享#沿沱江旅游道路项目是江阳区农村公路提档升级的重要工程之一，总投资为3.2亿元，全长25公里，道路起点为况场街道和丰场，终点为长滩镇魏坝村沱沟头。截至目前，基本成型路基约有15公里，已完成总工程量的50%，预计10月30日可完成主体工程。,8月15日 09:31,2,评论,2,专业版微博,Fhb3x5MAs,0
275,【即时路况信息】#四川九寨沟7.0级地震# 截至8月15日8时，为保障救援车辆通行全省高速路网： 包茂高速达陕段（达州至陕西方向）1194公里+800米 段应急车道与超车道实行交通管制；内达陕高速狮子寨隧道因施工，陕西至达州方向实行单洞双向通行；岳池收费站进行封站扩建；巴广渝高速 K95+890（广安至巴中 ????...展开全文c,8月15日 09:16,2,评论,3,iPhone 6s Plus,FhaXihmdn,1
276,#四川早安#学习的本质，不在于记住哪些知识，而在于它触发了你的思考。——桑德尔 ????,8月15日 08:30,3,2,7,微博 weibo.com,FhaEDFoAA,0
277,我们和你在一起！,8月15日 00:13,转发,1,94,iPhone 6s Plus,Fh7oWuKCv,1
278,#四川晚安#人生最棒的感觉，就是做到别人说你做不到的事。晚安！ ????,8月14日 23:00,1,1,3,微博 weibo.com,Fh6Vhj50Q,0
279,【8月14日现场抢通保通工作情况】#四川九寨沟7.0级地震# 一、川九路四个重要工点抢通保通应急工程：????上四寨钢棚洞工点开展了排危、基础施工、立柱安装，目前安装9米。改线段工点便道路基工程基本完成，正在桥台施工，钢便桥己运抵漳扎镇。路基沉降工点内侧道路己拓宽，可双向通行，路基加固 ????...展开全文c,8月14日 17:30,1,评论,赞,专业版微博,Fh4LnaVwM,1
280,【四川水运：通江达海再启航】#媒体聚焦#五年来，全省累计完成投资203亿元，全省新增四级以上高等级航道514公里、达到1515公里，新增千吨级泊位7个、达到60个，新增集装箱吞吐能力68万标箱、达到233万标箱；全省累计完成投资203亿元，全省新增四级以上高等级航道514公里、达到1515公里，新增千吨级泊位 ????...展开全文c,8月14日 17:30,2,评论,1,微博 weibo.com,Fh4Lkxe7C,0
281,【成都将绘制城市轨道交通文化建设总体规划图】#交通动态#成都轨道交通集将制定完成成都轨道交通文化建设总体规划，这意味着成都市市轨道交通的文化构建将更有统筹性、整体性和科学性。 ????,8月14日 16:04,4,评论,3,专业版微博,Fh4ctx7dg,0
282,【宜宾38条公交线路又有调整！】#市州动态#近期宜宾公交公司对多条线路进行了部分调整和微调，不少网友表示坐错车，@宜宾发布 整理截止8月7日最新最全的公交线路及站点，带着这条微博出门，再也不用担心坐错车了~~,8月14日 14:00,2,1,1,360安全浏览器,Fh3oev06J,0
283,【交通速度＋高科技信息化手段＝四川交通人】#四川九寨沟7.0级地震# 08月08日21时19分在四川阿坝州九寨沟县发生7.0级地震。地震发生后，四川交通第一时间作出反映，成立交通应急指挥部，并派出专家技术团队20余人，携带专业设备、无人机等，奔赴灾区现场。四川交通完备的应急预案，科学的决策部署 ????...展开全文c,8月14日 13:30,2,1,赞,微博 weibo.com,Fh3bUEnhz,1
284,【川渝又一高速公路即将通车 巴中2个半小时飚拢重庆】#交通动态#从广安到重庆绕城的渝广高速重庆段一期正在进行最后的扫尾工程，力争于8月底前具备通车条件。渝广高速重庆段正式通车后，重庆至广安车程将由现在的1个半小时缩短到45分钟，巴中2个半小时飚拢重庆，重庆经该条高速到西安只需7小时， ????...展开全文c,8月14日 11:00,4,评论,5,专业版微博,Fh2dgcLBI,0
285,【 四川境内仍设有16处交通管控点】#四川九寨沟7.0级地震# 各管控点对“运送抢险救灾设备、抢救通信电力和老百姓返回灾区”等车辆放行，同时鉴于灾区“救援物资过剩”情况，有关部门配合民政等部门，对运送捐赠物资进灾区车辆做好劝返工作，确保通往灾区的道路交通有序畅通。具体管控点如下↓↓ ????...展开全文c,8月14日 10:07,4,评论,赞,360安全浏览器,Fh1RI12lm,1
286,【成都天府机场建设重要道路 简三路断道改线工程半幅通车】#交通动态#日前，简三路断道改线工程实现节点要求，半幅道路顺利完工并正式通车启用。该工程位于简阳市草池镇及石板凳镇内，起终点接现状简三路，由五段组成，分别为货运大道段、北十七段、北十七路东延线段及两段临时道路，道路工程全 ????...展开全文c,8月14日 09:32,2,评论,1,专业版微博,Fh1DjC5VP,0
287,【即时路况信息】#四川九寨沟7.0级地震# 截至8月13日20时，为保障救援车辆通行全省高速路网： 广甘高速，广元至甘肃方向出川车辆正常通行，前往九寨沟方向的货车在木鱼站出站分流；成雅高速成佳站、太平站入口，因车流量大收费站关 闭；成乐高速夹江站入口，因车辆故障，禁止货车进入；青龙站至张坎站 ????...展开全文c,8月13日 20:07,2,3,赞,iPhone 6s Plus,FgWmW1GKX,1
288,【九寨沟县7.0级地震交通运输抢险救灾最新情况】#四川九寨沟7.0级地震# “8·8”九寨沟7.0级地震发生后，截至8月13日13时，因灾阻断公路已全部抢通并正在全力保通，灾区对外通道保持畅通。交通抗震救灾工作情况一、全力做好保通保畅工作。持续开展抢通道路的保通工作，投入公路保通现场救援人员 ????...展开全文c,8月13日 19:19,3,2,2,iPhone 6s Plus,FgW3sm0Yc,1
289,【即时路况信息】#四川九寨沟7.0级地震# 截至8月13日16时，为保障救援车辆通行全省高速路网： 广甘高速，广元至甘肃方向出川车辆正常通行，前往九寨沟方向的货车在木鱼站出站分流；成乐高速，夹江站入口，因汽车故障收费站关闭； 内达陕高速狮子寨隧道因施工，陕西至达州方向实行单洞双向通行；岳池收 ????...展开全文c,8月13日 16:07,2,1,赞,iPhone 6s Plus,FgUNcmAyh,1
290,#四川九寨沟7.0级地震# 为了确保随堵随抢、屡堵屡通，灾区一线滑坡点忠于职守的交通人午饭是这样解决的。,8月13日 13:31,22,32,187,iPhone 6s Plus,FgTMcycTX,1
291,【即时路况信息】#四川九寨沟7.0级地震# 截至8月13日12时，为保障救援车辆通行全省高速路网： 广甘高速，广元至甘肃方向出川车辆正常通行，前往九寨沟方向的货车在木鱼站出站分流；内达陕高速狮子寨隧道因施工，陕西至达州方向实行单洞双向通行；岳池收费站进行封站扩建；巴广渝高速K95+890（广安-巴中 ????...展开全文c,8月13日 12:07,1,评论,3,iPhone 6s Plus,FgTdJyBsY,1
292,【雨过天晴，九寨沟依然美丽】#四川九寨沟7.0级地震# 今天下午，经过雨后的洗礼，九寨沟上空出现了一道彩虹↓↓,8月12日 19:03,23,26,149,360安全浏览器,FgMwlnk4Q,1
293,【全省高速公路累计开通抢险救援专用车道484条】#四川九寨沟7.0级地震# 全省高速公路交通执法系统全力做好九寨沟县7.0级地震抢险救援高速公路保通保畅工作。截至12日15时，全省高速公路累计开通抢险救援专用车道484条，对应急抢险救援车辆、游客转运车辆实行抬杆放行，确保救援车辆快速顺畅通行 ????...展开全文c,8月12日 17:26,转发,1,2,360安全浏览器,FgLSZtjp1,1
294,#四川九寨沟7.0级地震# 这是我在震中看到的最美丽背影，头发花白、步履坚毅的阿坝公路养护人。,8月12日 09:37,5,2,58,iPhone 6s Plus,FgIOHlW3p,1
295,#四川九寨沟7.0级地震# 一面旗帜，一个岗位，一位安全督查员。他有多重要？只有在现场您才能体会。,8月12日 08:42,4,1,27,iPhone 6s Plus,FgIsmDQe4,1
296,【即时路况信息】#四川九寨沟7.0级地震# 截至8月11日24时，为保障救援车辆通行全省高速路网： 广甘高速，广元至甘肃方向出川的车辆正常通行，前往九寨沟的车辆在木鱼站出站分流； 达陕高速狮子寨隧道因施工，陕西至达州方向实行单洞双向通行； 岳池收费站进行封站扩建；巴广渝高速K95+890（广安至巴中 ????...展开全文c,8月12日 00:03,3,评论,7,iPhone 6s Plus,FgF3HF2SM,1
297,#四川九寨沟7.0级地震# 灯火通明、夜以继日，不知疲倦的交通人，只为灾区的道路更通畅、受灾群众出行更安全。,8月11日 21:50,2,1,15,iPhone 6s Plus,FgEbEaT8w,1
298,【刷卡坐公交 泸州公交出新招】#交通民生#以后刷金融IC卡可以坐公交了！金融IC卡是指以智能芯片为介质的银行卡，凡卡上印有银联“闪付quickpass”标志的银行卡都带有一个小额电子现金账户，市民只需在使用前到银行ATM机上为卡上的电子现金小额账户充值即可。充值完成后，四川省内所有完成公交改造 ????...展开全文c,8月11日 17:30,2,3,1,微博 weibo.com,FgCtQeGVX,0
299,【四川高速公路服务区创“星”星巴克或将进成南高速】#交通动态#截至目前，全省高速公路共建成4对全国百佳示范服务区、19对全国优秀服务区，以及12对五星级、16对四星级、39对三星级服务区，高速公路服务区功能设施进一步完善，服务环境进一步优化，服务质量进一步提升，得到了广大司乘人员认可 ????...展开全文c,8月11日 15:00,5,4,3,微博 weibo.com,FgBuXnztT,0
300,【我省高速公路服务区基本实现免费WiFi全覆盖】#交通动态#当前全省高速公路服务取已建成残疾人专用通道84个、母婴室41间，同时，全省所有高速路服务区已基本建成健全，出行信息查询系统和免费W-iFi服务全覆盖。据省交通运输厅高管局局长刘洁梅介绍，今年我省还将努力建成6对全国百佳示范服务区、 ????...展开全文c,8月11日 13:30,1,1,2,微博 weibo.com,FgAUqpMtR,0
301,#四川九寨沟7.0级地震#8月11日凌晨2:30，随着两台应急客车33名乘客安全抵达成都东站汽车客运站，全省调集应急运力大规模疏运灾区游客和群众的任务圆满完成。一、疏散九寨沟灾区旅客情况。全省应急调用620辆客车，开行1164辆次，采用接驳方式累计疏散出九寨沟灾区2万余人（主要为散客和外来务工人员） ????...展开全文c,8月11日 12:03,2,1,5,360安全浏览器,FgAlovFoJ,1
302,【即时路况信息】#四川九寨沟7.0级地震#截至8月11日12时，为保障救援车辆通行全省高速路网：广甘高速，广元至甘肃方向出川的车辆正常通行，前往九寨沟的车辆在木鱼站出站分流；达陕高速狮子寨隧道因施工，陕西至达州方向实行单洞双向通行；岳池收费站进行封站扩建；巴广渝高速K95+890（广安至巴中方 ????...展开全文c,8月11日 12:00,转发,评论,6,360安全浏览器,FgAjZEYPT,1
303,已核实4名登车乘客信息，一名为河南籍，三名为四川籍。分别为：河南籍乘客郝某登，河南济源市坡头镇人；四川籍乘客汤某林，四川省仁寿中岗乡人；四川籍乘客张某，自贡荣县人；四川籍乘客尤某良，四川内江市人。（封面新闻）,8月11日 11:12,4,评论,3,360安全浏览器,FgA0xtqWB,0
304,【汪洋：加快已抢通路段清方拓宽工作，提高通行能力】#四川九寨沟7.0级地震#在参加省抗震救灾指挥部第四次会议后，10日晚7时，厅党组书记、厅长汪洋在九寨沟县连夜主持召开交通抗震救灾指挥部现场会，传达省抗震救灾指挥部会议精神，研究部署下步工作。汪洋强调，省委、省政府对交通抗震救灾工作成效 ????...展开全文c,8月11日 10:25,转发,评论,3,360安全浏览器,FgzHGw6tD,1
305,【目前震区国省干线公路已全部抢通！社会车辆尽量不要前往！】#四川九寨沟7.0级地震# 一、九环东线绵阳至九寨沟县城畅通，沿线没有垮方。实施交通管制，只出不进，车流量不大。二、九环西线国道213线：茂县境内K769+700(石大关旧关楼）处山体高位垮塌已抢通便道，可通行应急车辆，实施交通管制，除 ????...展开全文c,8月11日 08:59,7,3,1,iPhone 6s Plus,Fgz8wlR1m,1
306,【西汉高速陕西段发生重大交通事故 已造成36死13伤】10日23时，西汉高速陕西段发生一起交通事故，目前已造成36人死亡13人受伤。初步了解，事故车辆为一辆客运车，从成都发往洛阳，在途经西汉高速秦岭隧道时，因撞到隧道墙壁发生事故，伤者已被紧急送医。（新华社）,8月11日 08:43,9,3,3,iPhone 6s Plus,Fgz27bccc,0
307,【即时路况信息】#四川九寨沟7.0级地震# 截至8月10日晚12时，为保障救援车辆通行全省高速路网： 广甘高速，广元至甘肃方向出川的车辆正常通行，前往九寨沟的车辆在木鱼站出站分流； 达陕高速狮子寨隧道因施工，陕西至达州方向实行单洞双向通行； 岳池收费站进行封站扩建；巴广渝高速K95+890（广安至巴 ????...展开全文c,8月11日 00:03,1,2,6,iPhone 6s Plus,FgvDb1QPM,1
308,【我省交通运输部门快速有序疏散受阻人员】#四川九寨沟7.0级地震# 交通部门把散客和外来务工人员作为重点，紧急调集应急运力，配合地方及时疏散受灾人员，转运救灾物资。截至8月10日，全省调用应急运力620辆、开行820余辆次，首先最快速度将人员撤离灾区，疏散至平武、文县、川主寺等地，然后采用接驳 ????...展开全文c,8月10日 23:29,转发,1,3,专业版微博,FgvpmpXpP,1
309,【我厅全力做好保通保畅工作】#四川九寨沟7.0级地震# 受震灾破坏和余震影响，灾区道路发生次生灾害风险大，部分已抢通路段目前还只能供越野车通行，保通压力巨大。我厅科学制定保通方案：一是继续开展隐患排查，厅3个技术小组目前排查出41个隐患点，并分类确定排险除危措施。对飞石严重的G544九倒拐段 ????...展开全文c,8月10日 23:24,7,1,2,专业版微博,FgvnpeHZK,1
310,【即时路况信息】#四川九寨沟7.0级地震# #截至8月10日晚10时，为保障救援车辆通行全省高速路网：广甘高速，广元至甘肃方向出川的车辆正常通行，前往九寨沟的车辆在木鱼站出站分流；达陕高速狮子寨隧道因施工，陕西至达州方向实行单洞双向通行；岳池收费站进行封站扩建；巴广渝高速K95+890（广安至巴 ????...展开全文c,8月10日 22:05,1,2,4,专业版微博,FguRboY5E,1
311,【即时路况信息】#四川九寨沟7.0级地震# 截至8月10日晚8时，为保障救援车辆通行全省高速路网：广甘高速，广元至甘肃方向出川的车辆正常通行，前往九寨沟的车辆在木鱼站出站分流；达陕高速狮子寨隧道因施工，陕西至达州方向实行单洞双向通行；岳池收费站进行封站扩建；巴广渝高速K95+890（广安至巴中 ????...展开全文c,8月10日 20:08,1,评论,赞,专业版微博,Fgu5Psfti,1
312,【即时路况信息】#四川九寨沟7.0级地震#截至8月10日下午6时，为保障救援车辆通行全省高速路网：广甘高速，广元至甘肃方向出川的车辆正常通行，前往九寨沟的车辆在木鱼站出站分流；达陕高速狮子寨隧道因施工，陕西至达州方向实行单洞双向通行；岳池收费站进行封站扩建；巴广渝高速K95+890（广安至巴 ????...展开全文c,8月10日 18:04,4,3,1,360安全浏览器,FgthjucKV,1
313,#四川九寨沟7.0级地震#“8.8”九寨沟地震灾区及周边应急储备力量分布图↓↓,8月10日 17:10,3,1,4,360安全浏览器,FgsVvizq4,1
314,【争分夺秒抢抢抢 ——四川交通九寨沟地震抗震救灾首日纪实】#四川九寨沟7.0级地震#8月8日21时19分，四川省阿坝州九寨沟县发生7.0级地震。天撼地摇之后，四川交通人感震而起，闻警而动。首日，四川交通用不到20小时，疏散了近5万游客，打通了灾区主干线！首日，四川交通齐心合力，众志成城!(中国交 ????...展开全文c,8月10日 17:03,3,2,5,360安全浏览器,FgsSDsGJ0,1
315,【即时路况信息】#四川九寨沟7.0级地震#截至8月10日下午4时，为保障救援车辆通行全省高速路网：广甘高速，广元至甘肃方向出川车辆正常通行，前往九寨沟车辆在木鱼站出站实行分流；广陕高速，剑门关站、朝天站，入口，所有货车实行间断放行；成彭高速，成彭枢纽（往成绵复线高速方向）一类客车正常通 ????...展开全文c,8月10日 16:23,10,1,2,360安全浏览器,FgsCqrMEv,1
316,【“8.8”九寨沟地震道路运输抢险救灾信息快报】#四川九寨沟7.0级地震#按照厅“8.8”九寨沟地震救灾交通运输应急指挥部指令，厅运管局组织应急运力及时疏散受灾人员，转运救灾物资。截止8月10日12:00：??一、疏散九寨沟灾区旅客情况。全省应急调用620辆（其中阿坝州调集270辆，绵阳调集190辆、 ????...展开全文c,8月10日 14:51,4,4,4,360安全浏览器,Fgs0Ob12R,1
317,【即时路况信息】#四川九寨沟7.0级地震#截至8月10日下午2时，为保障救援车辆通行全省高速路网：绕城，成绵匝道（内、外环）；禁止所有货车通行；广甘高速，广元至甘肃方向出川的车辆正常通行，前往九寨沟的车辆在木鱼站出站分流；广陕高速，剑门关站、朝天站，入口，所有货车间断放行；成彭高速， ????...展开全文c,8月10日 14:02,7,评论,3,360安全浏览器,FgrHe0ACZ,1
318,#四川九寨沟7.0级地震#道路抢通保通、旅客运送、高速公路保障……四川交通灾后救援最新消息都在这里了！O道路抢通保通、旅客运送、高速公路保障……四川...,8月10日 13:25,转发,评论,1,360安全浏览器,Fgrs9lSQq,1
319,【即时路况信息】#四川九寨沟7.0级地震#截至8月10日上午12时，为保障救援车辆通行全省高速路网：绕城，成绵匝道（内、外环）；禁止所有货车通行；广甘高速，广元至甘肃方向出川车辆正常通行，前往九寨沟车辆在木鱼站出站实行分流；广陕高速，剑门关站、朝天站，入口，所有货车实行间断放行；成彭高 ????...展开全文c,8月10日 12:03,10,6,4,360安全浏览器,FgqUJlNpa,1
320,截至10日7时，最新的九寨沟震区路网运行情况，应急处置和绕行路线图出炉,8月10日 10:40,1,评论,7,360安全浏览器,Fgqn8avJv,1
321,【九寨沟松潘川主寺 客运班车暂停 全额退票】#四川九寨沟7.0级地震#暂停发往阿坝州及途经阿坝州的旅游包车，同时暂停经国道213线进出阿坝州的客运班车。从茶店子客运站了解到，9日~11日前往九寨沟、松潘、川主寺的客运班线暂停，预售票全额退款；新南门旅游集散中心的九寨沟班线则从9日暂停至13日，也 ????...展开全文c,8月10日 10:32,5,2,5,360安全浏览器,FgqjHmsgo,1
322,【即时路况信息】#四川九寨沟7.0级地震#截止2017年8月10日10时10分：达陕高速狮子寨隧道因施工，陕西至达州方向实行单洞双向通行；岳池收费站进行封站扩建；巴广渝高速K95+890（广安-巴中）、龙顶观隧道K107+300（广安-巴中）、煤炭垭隧道K123+170（巴中-广安）均因施工半幅双向通行；巴广渝K5+900（广 ????...展开全文c,8月10日 10:22,9,评论,2,360安全浏览器,FgqfYAtsl,1
323,【即时路况信息】#四川九寨沟7.0级地震#2017年8月10日，截止10点，为保障救援车辆通行：成绵复线高速，全线，入口；绕城成绵匝道（内、外环）；禁止所有货车通行；广陕高速，剑门关站、朝天站，入口，所有货车间断放行；二绕东，成绵匝道，双向，黄牌货车禁止通行；广甘高速，广元至甘肃方向出川的 ????...展开全文c,8月10日 10:06,转发,1,2,360安全浏览器,Fgq9of3dG,1
324,【最新九寨沟地震交通管制措施】#四川九寨沟7.0级地震#目前，九寨沟震区及沿线道路交通管制情况维持不变，共设置16个交通管控点、管制2条重点高速；松潘经川主寺至九寨一线仍然双向中断；绵阳平武经双河至九寨、甘肃文县经双河至九寨全线依然保持畅通。@四川公安,8月10日 09:24,4,1,2,360安全浏览器,FgpSniUtV,1
325,【出行提示】#交通动态#8月10日8时40分，G4201绕城高速西段路况信息：1、内环西服务区—成灌车流量大。2、外环成温邛—成新蒲车流量大。3、外环双流—机场车流量大。4、各收费站救灾应急车道畅通。,8月10日 09:18,1,评论,赞,微博 weibo.com,FgpPYofBN,0
326,"【注意！交通管制陆续解除】#四川九寨沟县7.0级地震#绕东高速：现绕城高速内、外环上成绵匝道交通管制解除，其余路段交通正常。成绵全线新都至金山站入口解除对货车管制,入口恢复正常通行，目前成绵全线双向车辆通行顺畅。G5京昆高速绵广段，绵阳南至江油收费站入口货车解除交通管制。G5京 ????...展开全文c",8月9日 23:16,2,1,1,360安全浏览器,FglTEj4xp,1
327,【即时路况信息】#四川九寨沟县7.0级地震#截至晚上23时，为保障救援车辆通行全省高速路网：广甘高速，广元至甘肃方向出川的车辆正常通行，前往九寨沟的车辆在木鱼站出站分流。成绵复线全线、绵遂仙海站、松垭站入口（遂宁至绵阳方向）、绵遂张家坪枢纽（遂宁至成都方向匝道）、广南卫子站、荞子坝 ????...展开全文c,8月9日 23:12,转发,评论,2,360安全浏览器,FglRP5G7H,1
328,我们一起加油 //@四川发布: 我们一起加油,8月9日 22:41,1,评论,83,微博 weibo.com,FglFe7qUY,1
329,【即时路况信息】#四川九寨沟县7.0级地震#截至晚上22时，为保障救援车辆通行全省高速路网：广甘高速，广元至甘肃方向出川的车辆正常通行，前往九寨沟的车辆在木鱼站出站分流。成绵、绵广（鲜活车除外）、成绵复线全线、城北、广巴（鲜活车除外）、绵遂仙海站、松垭站入口（遂宁至绵阳方向）、张家 ????...展开全文c,8月9日 22:37,25,3,12,微博 weibo.com,FglDwEIOR,1
330,【现场视频来啦！】#四川九寨沟7.0级地震#近20小时连续奋战！川九路受损路段全线抢通！可供救援机械、越野车单车道通行↓↓via四川发布 L四川交通的秒拍视频,8月9日 19:48,2,2,10,360安全浏览器,Fgkx5jRsx,1
331,【即时路况信息】#四川九寨沟7.0级地震#截至晚上19时，为保障救援车辆通行全省高速路网：广甘高速，广元往甘肃出川的车辆正常通行，进川前往九寨沟的车辆在木鱼站出站分流；成绵、绵广、成绵复线全线、绕城高速转成绵匝道双向，禁止货车通行（鲜活车辆正常放行）；二绕东成绵匝道双向，黄牌货车禁 ????...展开全文c,8月9日 19:43,转发,评论,5,360安全浏览器,Fgkv71hr4,1
332,#四川九寨沟7.0级地震#截至8月9日下午17:30，经过近20小时的连续奋战，川九路上四寨至九倒拐因灾断道处已抢通，标志着川九路受损路段全线抢通，供抢险救援机械、越野车辆单车道应急通行。,8月9日 18:51,2,评论,11,360安全浏览器,Fgk9ZnFG2,1
333,【即时路况信息】#四川九寨沟7.0级地震#截至下午18时，为保障救援车辆通行全省高速路网：广甘高速，广元往甘肃出川的车辆正常通行，进川前往九寨沟的车辆在木鱼站出站分流；成绵、绵广、成绵复线全线、绕城高速转成绵匝道双向，禁止货车通行（鲜活车辆正常放行）；二绕东成绵匝道双向，黄牌货车禁 ????...展开全文c,8月9日 18:11,8,2,3,360安全浏览器,FgjTKoUB3,1
334,【即时路况信息】#四川九寨沟7.0级地震#截至下午17时，为保障救援车辆通行全省高速路网：广甘高速，广元往甘肃出川的车辆正常通行，进川前往九寨沟的车辆在木鱼站出站分流；成绵、绵广、成绵复线全线、绕城高速转成绵匝道双向，禁止货车通行（鲜活车辆正常放行）；二绕东成绵匝道双向，黄牌货车禁 ????...展开全文c,8月9日 17:07,3,3,2,360安全浏览器,FgjtF9PdO,1
335,#四川九寨沟7.0级地震#“8.8”九寨沟地震灾区人员疏散方案图（2017年8月9日14时）↓↓,8月9日 17:03,转发,评论,3,360安全浏览器,Fgjs3i4SM,1
336,第一批乘坐长途客运大巴从九寨沟灾区返回成都的旅客安全到达成都东站汽车客运站。,8月9日 16:54,1,评论,42,360安全浏览器,FgjohxGkv,1
337,【地震已致19人死亡 247人受伤】#四川九寨沟7.0级地震#从四川省政府新闻办获悉，接九寨沟县应急办书面报告，截至8月9日13时10分，经初步核查，“8·8”九寨沟地震已致19人死亡，247人受伤（40人重伤；其中7人已转院，4人转至绵阳中心医院，3人转至四川大学华西医院，其余已全部转移到九寨沟县人民医院和 ????...展开全文c,8月9日 15:39,4,2,8,360安全浏览器,FgiU24iHv,1
338,【地震灾区九寨沟共有7000余人需动用应急运力转运】##四川九寨沟7.0级地震##在省指挥部的统一指挥下，交通运输厅运管局及有关道路运输部门积极开展地震灾区人员转运工作。据阿坝州目前掌握的情况，地震灾区九寨沟共有7000余人需动用应急运力转运。一是有6000余人需从九寨沟口转运出阿坝州。截止8 ????...展开全文c,8月9日 15:26,4,1,3,360安全浏览器,FgiOTfZXB,1
339,【即时路况信息】#四川九寨沟7.0级地震# 截至上午13时，为保障救援车辆通行全省高速路网：绵遂仙海站入口（遂宁至绵阳方向），张家坪枢纽（遂宁至成都方向）；城北、成绵、绵广（鲜活车辆正常放行）、广巴（包括广元东站）、成 绵复线、全线，广南卫子站、荞子坝站，广陕剑门关、朝天站入口，绕城高速 ????...展开全文c,8月9日 13:10,7,1,3,专业版微博,FghVGvUet,1
340,#四川九寨沟7.0级地震#厅公路局：G353线凉山州会东县车拉河村发生边坡塌方处已恢复通行。,8月9日 11:15,2,评论,7,360安全浏览器,FghaKuvu5,1
341,【九寨沟县7.0级地震四川交通运输抢险救灾情况】#四川九寨沟7.0级地震#一、投入机具人员情况截止8月9日10时，现场投入抢险机具近40台，抢险人员近200名。抢险队伍包括：阿坝州县交通和公路部门、成兰铁路中铁一局、四川路桥集团、绵九高速施工力量。同时，还从汶马高速、华川集团调集了一批应急救援 ????...展开全文c,8月9日 11:10,8,评论,5,360安全浏览器,Fgh8SpE4a,1
342,#四川九寨沟7.0级地震#四川九寨沟7.0级地震路网运行情况应急处置和绕行线路图,8月9日 10:19,5,1,4,360安全浏览器,FggO90SJS,1
343,#四川九寨沟7.0级地震#截至8月9日9时25分，经初步核查，九寨沟县漳扎镇M7.0级地震已造成13人死亡、175人受伤（28人重伤）。相关情况续报。via阿坝州人民政府应急管理办公室,8月9日 09:45,转发,评论,4,360安全浏览器,FggA8ibKj,1
344,#四川九寨沟7.0级地震#接九寨沟县应急办书面报告，截至8月9日凌晨5时00分，经初步核查，九寨沟县漳扎镇M7.0级地震已造成9人死亡、164人受伤。目前各项工作开展情况如下：????一、道路情况????一是九寨沟县交通部门投入14台装载机、10辆小车、2辆运料车、90名工作人员开展道路抢险工作；二是九寨沟县 ????...展开全文c,8月9日 08:54,11,评论,4,微博 weibo.com,FggfoiByQ,1
345,【交通部门手绘地图 全力抢通塌方路段】#四川九寨沟7.0级地震#8月9日早7点半，九寨沟7.0级地震导致省道301线九黄机场至漳扎镇6处塌方，交通中断。截至目前，四川省交通运输部门正全力组织道路抢通工作，现场共有9台装载机、2台挖掘机从两头向中间推进，施工作业人员70余人。同时，另外2台挖掘机正从绵 ????...展开全文c,8月9日 08:44,9,6,7,360安全浏览器,FggbpevVg,1
346,#四川九寨沟7.0级地震#据阿坝州公路局最新路况：G544九黄机场至九寨天堂段畅通。九寨天堂至沟口段K79（中波站）垮方约200米，K83处边坡仍在垮塌，正在组织人员机具努力抢通；K98孤石断道，已抢通简易便道。沟口段到九寨沟县畅通。九寨沟县至双河畅通。G247甘肃文县至四川双河畅通，双河至黄土梁段已抢 ????...展开全文c,8月9日 03:10,12,6,16,360安全浏览器,Fge05AZKN,1
347,#四川九寨沟7.0级地震#截至9日02:00：G544机场至弓杠岭畅通，弓杠岭至九寨天堂段有多处巨石阻断，九寨天堂至沟口段多处断道 正在组织人员机具抢通，沟口段到九寨沟县畅通。九寨沟县至双河畅通。G247甘肃文县至四川双河畅通，双河至黄土梁段已抢通，黄土梁至江油段畅通。,8月9日 02:46,1,评论,4,360安全浏览器,FgdQd5iH8,1
348,"#四川九寨沟7.0级地震#接九寨沟县应急办书面报告，截止8月9日1:30，初步统计九寨沟县漳扎镇M7.0级地震造成该县17个乡镇及景区7人死亡、88人受伤（其中重伤21人、轻伤67人）,九寨沟县已组织各方救援力量536人、大型机械46台，积极开展抢险救援工作。 目前，交通方面松潘方向省道301线有断道、落石阻路， ????...展开全文c",8月9日 02:38,2,9,3,360安全浏览器,FgdMNdG3v,1
349,【司机朋友注意！绕城往成绵高速路口已不允许社会车辆通行】#四川九寨沟7.0级地震#今（9）日凌晨两点左右，成都绕城高速前往成绵高速路口已开通救援抢险绿色通道，该路口不允许社会车辆通行，请司机注意！via四川发布,8月9日 02:24,4,4,10,360安全浏览器,FgdHifODj,1
350,#四川九寨沟7.0级地震#【四川省交通运输厅紧急部署九寨沟地震应急抢险救援工作】8月8日晚，交通运输厅党组书记、厅长汪洋主持召开紧急会议，传达省委、省政府关于九寨沟地震应急抢险救援的部署，研究安排交通运输抢险救援工作。会议决定：一是迅速启动交通运输I级应急响应，按照《四川省交通运输 ????...展开全文c,8月9日 01:54,2,评论,6,微博 weibo.com,Fgdv2vEHa,1
351,【?国家主席习近平对四川九寨沟7.0级地震作出重要指示】国家主席习近平对#四川九寨沟7.0级地震#作出重要指示，要求迅速组织力量救灾，全力以赴抢救伤员，最大限度减少人员伤亡。国务院总理李克强对四川九寨沟7.0级地震作批示，要求国家减灾委、国务院救灾指挥部即派联合工作组赶赴灾区，指导帮 ????...展开全文c,8月9日 01:44,转发,评论,5,微博 weibo.com,Fgdr22Iug,1
352,【九寨沟管理局公布应急电话 24小时值守】#四川九寨沟7.0级地震#据九寨沟管理局消息，地震发生后，全体在岗领导全部进入九寨沟景区内进行安全排查工作，并对外公布应急电话应急电话0837-7739529，24小时值守。,8月9日 00:44,1,评论,6,微博 weibo.com,Fgd2Ry1jY,1
353,#四川九寨沟7.0级地震#转发扩散！请社会车辆让出救援通道！,8月9日 00:11,29,9,62,360安全浏览器,FgcPrreiU,1
354,【阿坝州九寨沟县漳扎镇发生7.0级地震续报】#四川九寨沟7.0级地震#2017年8月8日21时19分49秒，阿坝州九寨沟县（东经103.82、北纬33.20）发生7.0级地震，震源深度约20公里。截至8月8日22时58分，九寨沟县漳扎镇有5人死亡，60余人受伤，其中30人重伤。九寨沟景区内树正社区暂无伤亡报告；黑河、双河、安 ????...展开全文c,8月8日 23:50,12,19,21,微博 weibo.com,FgcGUx9aP,1
355,#四川九寨沟7.0级地震#厅公路局：G247线（原S205）绵阳至九寨沟公路九寨沟境内双河镇下甘座村16 300处，目前小车可以通行。,8月8日 23:49,转发,2,9,微博 weibo.com,FgcGpcuuy,1
356,【九寨沟地震交通管制！只允许政府救援车辆进入灾区】#四川九寨沟7.0级地震#一、因九寨沟县发生地震，对九黄环线实行全线交通管制，只允许政府救援车辆进入灾区，其他社会车辆一律不得进入。二、对G213甘南入川方向、G212陇南入川方向车辆进行劝返。请务必服从现场公安交警的指挥管理。三、对 ????...展开全文c,8月8日 23:38,30,12,31,微博 weibo.com,FgcBQ7mNY,1
357,【省委书记王东明对九寨沟7.0级地震抢险救援工作作出指示】#四川九寨沟7.0级地震#灾情发生后，省委书记王东明第一时间作出指示，要求立即启动应急响应，派出省委省政府工作组赶赴现场指导救灾工作，强调首先要全力开展抢险救援，千方百计减少人员伤亡；要迅速把群众和游客转移到安全地带；要尽快 ????...展开全文c,8月8日 23:27,4,2,16,专业版微博,FgcxrpLEw,1
358,【救援保畅！都汶、绵广、广甘高速公路目前通行正常已预留救援车道】#四川九寨沟7.0级地震#8月8日22时45分，因九寨沟地震，都汶高速、广甘高速、二绕西段、成灌高速、成彭高速、绵广高速、绕城高速全线收费站实行救援车辆“保通保畅“应急预案；都汶高速，每个收费站都有一根车道保证救援车辆顺利通行 ????...展开全文c,8月8日 23:24,9,11,45,微博 weibo.com,FgcwkgQTJ,1
359,#地震快讯#中国地震台网正式测定：08月08日21时19分在四川阿坝州九寨沟县（北纬33.20度，东经103.82度）发生7.0级地震，震源深度20千米。,8月8日 21:54,9,9,6,专业版微博,FgbVCCfji,1
360,【暖心！小女孩独自乘车迷失方向，公交司机接力送她回家[爱心]】7月23日上午9点过，家住成都驷马桥附近的小雅独自出门一人玩耍，公交车坐反方向迷路，公交司机刘让兵与司机同事“点对点”接力护送，历经3小时送小雅回家。,8月8日 17:00,转发,评论,10,微博 weibo.com,Fga0b0wcI,0
361,【“刷”手机坐地铁，成都地铁“新姿势”】#交通动态#8月7日，成都轨道交通集团发出了《成都地铁手机过闸投资及运维项目招标公告》，启动成都地铁手机过闸投资及运维项目，可“刷”进站的线路包括了1号线全线（含1号线三期），2号线全线，3号线一期，4号线全线，10号线一期，7号线。改造闸机数量约 ????...展开全文c,8月8日 15:30,7,1,4,微博 weibo.com,Fg9pE5A6L,0
362,【今年乐山还将开行多条公交线】#交通民生#按照《乐山市公共交通规划修编（2014—2020）》的规划，乐山正在建立以快速公交为骨架，以常规公交为主体，以旅游公交、城乡公交为补充，以综合换乘枢纽为衔接，多模式协调融合的公共交通体系。构建具有乐山特色的“高效公交”、“畅达公交”、“便捷公 ????...展开全文c,8月8日 13:30,4,评论,2,微博 weibo.com,Fg8CWbIU8,0
363,【今年下半年 四川将新开工宜宾新市至攀枝花、乐西高速等5个项目】#交通动态#今年下半年，我省将加快续建高速公路项目建设，建成雅康高速草坝至泸定段等5个项目，确保新通车里程超过300公里，全省高速公路通车总里程超过6800公里。将举行三季度交通重点项目集中开工，再新开工宜宾新市至攀枝花、 ????...展开全文c,8月8日 11:30,7,6,1,微博 weibo.com,Fg7Qee4FY,0
364,【上半年全省公路水路交通建设完成投资717亿元】#交通动态#1-6月，全省公路水路交通建设完成投资717亿元，同比增长16%，高于全省固定资产投资增速3.5个百分点，完成交通运输部下达年度目标的62%。预计全年公路水路建设完成投资将超过1300亿元，实现连续第七年破千亿元。,8月8日 09:30,3,1,2,微博 weibo.com,Fg73vEKYG,0
365,#四川早安#我无论生活在哪里，遇到任何意外都要保持自我平衡，面对黑夜，风暴，饥饿，嘲弄，事故，挫败，都要像树木和动物那样坚韧。——《草叶集》 ????,8月8日 08:30,1,1,1,微博 weibo.com,Fg6FakFh8,0
366,#四川晚安#每一个优秀的人，都有一段沉默的时光。那一段时光，是付出了很多努力，忍受了很多的孤独和寂寞，不抱怨不诉苦，只有自己知道。而当日后说起时，连自己都能被感动的日子。晚安！ ????,8月7日 23:00,5,2,5,微博 weibo.com,Fg2VNFw0x,0
367,【内江城市过境高速公路将于明年底建成通车】#交通动态#内江城市过境高速公路总投资超过46亿元，全线约65.6公里，新建约48公里，双向四车道，采用BOT方式投资建设。全线成环形布设于内江主城区四周，西接内威荣、内宜高速公路，南接成渝高速，北接内遂高速、成渝高速，东与国道G321毗邻。,8月7日 17:36,转发,评论,1,360安全浏览器,Fg0OE0YuL,0
368,【抢工期 G245线仪陇段升级改造工程加快推进】#交通动态#该项目是连接新政镇与马鞍镇的交通要道。建成后，两地车程将缩短至40分钟，能极大地改善当地的交通条件，促进朱德故里景区红色旅游发展。该工程全长68公里，估算投资15.8亿元，2017年计划完成投资7亿元。,8月7日 16:18,3,2,2,360安全浏览器,Fg0iCAHzd,0
369,【仅剩最后1% 雅康二郎山隧道九月将贯通】#交通动态#雅康高速二郎山隧道仅剩280米未打通，整体工程开挖量仅剩总量的1%，预计9月底就能实现贯通。雅康高速二郎山隧道全长13.4公里，为全国在建第四长公路隧道，建成后行车翻越二郎山将由一个半小时缩短至不到二十分钟。,8月7日 14:41,4,2,6,360安全浏览器,FfZFgrX4v,0
370,【京昆高速绵阳经广元至川陕界段将新建复线】#交通动态#G5京昆高速公路绵广段现有的道路条件已不能满足日益增加的车流量需要，亟待扩容改造。目前，我厅决定对G5京昆高速公路成都经绵阳、广元至川陕界段采用新建复线的方式进行扩容，确保G5京昆高速公路川陕段提速。,8月7日 11:30,10,3,6,微博 weibo.com,FfYpJo4y8,0
371,【雅康高速泸康段累计完成投资61%】#交通动态#雅康高速泸定至康定段今年上半共完成概算投资8.7亿元。该路段已累计完成投资55.8亿元，占概算总投资的61%。同时，康新高速（康定至新都桥）康定过境试验段建设项目的设计施工总承包招标工作预计在8月完成，有望最迟10月进场施工。,8月7日 09:30,3,1,2,微博 weibo.com,FfXD1pSFu,0
372,#四川早安#你在遇到挫折或暂时的失败时，你的解释方式将决定你会变得多无助或多斗志昂扬。早安！ ????,8月7日 08:30,1,3,1,微博 weibo.com,FfXeFv4G9,0
373,由于目前仍在持续垮塌机械暂无法进入施工，建议过往车辆绕行该路段:1、成都—汶川—茂县—黑水—红原—松潘；2、松潘—平武—绵阳—成都；3、成都—汶川—理县—红原—松潘,8月6日 19:13,转发,2,3,360安全浏览器,FfS1iCFO4,0
374,【茂县又发山体高位塌方 交通中断！】#交通动态# 今天下午三点半左右，国道213线茂县石大关境内发生山体高位塌方，导致交通中断，塌方量初步估计7000方左右，现场暂无人员伤亡情况。当地政府相关部门十分重视，接到消息后立即派出交警人员对现场交通进行疏导，另外大型抢通机具也已赶往现场，预 ????...展开全文c,8月6日 17:41,3,1,3,iPhone 6s Plus,FfRq3EHVM,0
375,【2017年1至7月全省普通公路完成投资情况出炉】#市州动态#2017年1—7月，全省普通公路完成投资509.7亿元，占年度目标79.6%。其中，干线公路301.9亿元、农村公路179亿元、其他专项28.6亿元，分别占年度目标的75.5%、89.5%、71.6%。全省普通公路新改建国省干线公路1254公里、农村公路16803公里，分 ????...展开全文c,8月4日 17:02,转发,2,1,360安全浏览器,Ffyj88nly,0
376,【成都多辆克隆出租被查：搜出假钞、辣椒水和电棍】#市州动态#8月3日中午，成都市交委执法总队和公安民警来到成都武侯一小区内，查获了一辆克隆出租车，司机已逃之夭夭。最近一个月，执法部门共查获6辆克隆出租车，不仅搜出用来干扰计价器的电子脉冲、辣椒水、催泪瓦斯和假钞，甚至搜出了一根电棍 ????...展开全文c,8月4日 15:02,1,6,2,360安全浏览器,Ffxwyuahs,0
377,【成都公交司机帮婆婆提重物上车 网友：成都师傅都很nice】#交通分享#图片中，乘客老婆婆用扁担挑着满满四箩筐水果和一袋杂物，在公交站台等车。一辆6路公交车到站后，司机大哥主动下车帮老婆婆把箩筐都搬上了车，旁边的乘客也纷纷参与帮助，暖心的一幕被网友用图片记录了下来。成都青白江区6路公 ????...展开全文c,8月4日 14:22,1,6,14,360安全浏览器,Ffxg5gcFl,0
378,【泸州古蔺首开至乡镇公交 县城可直达大黑洞景区】#交通民生#古蔺县城至箭竹苗族乡、古蔺县城至永乐镇的2条城乡公交客运线路开始试运行。这是古蔺县首次开通县城至乡镇的农村公交线路。自此，古蔺县城至箭竹苗族乡大黑洞景区也有了直达公交车。此次开行的公交车，全程只需4元即可从县城直达大黑 ????...展开全文c,8月4日 11:30,1,评论,3,微博 weibo.com,Ffw8etNtR,0
379,【交通运输部：上半年公路水路完成固定资产投资9673亿元】#交通动态#同比增长23.8%，已完成全年1.8万亿元投资目标的53.7%。在交通“补短板”方面，上半年建成通车高速公路项目11个、600余公里，新开工项目46个、2916公里。贫困地区公路投资完成全年计划的50.1%，建制村通硬化路实现率也接近50%。,8月4日 09:30,1,评论,1,微博 weibo.com,Ffvlwyp9I,0
380,#四川早安#可以不光芒万丈，但不能停止自己发光。早安～ ????,8月4日 08:30,1,3,3,微博 weibo.com,FfuXaA8vZ,0
381,#四川晚安#生命中真正重要的不是你遭遇了什么，而是你记住了哪些事，又是如何铭记的。——马尔克斯《百年孤独》 ? ????,8月3日 23:00,转发,1,4,微博 weibo.com,FfrdOxjlA,0
382,【宝康路工程进入扫尾阶段 预计11月完工】#交通动态#宝康路始于雅安市宝兴县城两河口，经宝兴县五龙乡、陇东镇、永富乡最终连接甘孜州康定县捧塔乡两河口村，全长81.47km。该工程为道路提升改造工程。其中，宝康路A标段从宝兴县两河口至永富乡中岗村土巴沟电站，为沥青砼路面。于2014年初开工，2016年 ????...展开全文c,8月3日 17:48,转发,评论,4,360安全浏览器,FfpbuerYC,0
383,【成都交委火车站整治违规出租 两的哥不打表议价被查】#市州动态#8月1日深夜，成都市交委执法总队在火车北站整治违规出租车，当晚有两辆不打表公然议价的出租车被挡。不按规定打表、公然喊高价，两名出租车司机做出上述违规行为后，均将面临1000- 5000元处罚。如果市民遭遇出租车不打表只喊价、拒 ????...展开全文c,8月3日 16:24,4,6,3,360安全浏览器,FfoDmfubn,0
384,【共享单车发展指导意见出台 鼓励采用免押金方式提供租赁服务】#交通要闻#今日交通运输部联合国家发展改革委、工业和信息化部、公安部等10部门正式出台了《关于鼓励和规范互联网租赁自行车发展的指导意见》。《指导意见》鼓励采用免押金方式提供租赁服务，企业已收取押金或者预付资金的，要在注 ????...展开全文c,8月3日 14:46,5,1,2,360安全浏览器,FfnZBxjSV,0
385,【巴万高速通江段最长隧道—高长寨隧道8月10日开挖】#交通动态#巴万高速公路总投资173亿元、全长119公里，共有10个标段。高长寨隧道是巴万高速IV标段的重点控制性工程之一，进口位于通江县麻石镇金刚寺村6社，出口位于通江县云昙乡印顶寨村7社，是巴万高速通江段最长隧道，左洞长3880米，右洞长3 ????...展开全文c,8月3日 11:30,2,1,2,微博 weibo.com,FfmHKgVHT,0
386,【甘孜州交通建设年度目标任务完成过半】#市州动态#今年上半年，甘孜州共完成交通投资45亿元，共建成通乡油路356.4公里、通村硬化路2573.9公里、农村公路安保工程656公里；完成了7个县级客运站、14个乡镇客运站、166个村招呼站和一个超限检测站的开工建设；另外，还完成了公路大中修工程投资996. ????...展开全文c,8月3日 09:30,1,1,3,微博 weibo.com,FflV21fkD,0
387,#四川早安#生命中有一个奇妙的逻辑，如果你真的过好今天，明天一定也不错。早安！加油！ ????,8月3日 08:30,1,2,4,微博 weibo.com,FflwGmNjw,0
388,#四川晚安#并不是你面对了，任何事情都能改变。但是，如果你不肯面对，那什么也变不了。晚安！ ????,8月2日 23:00,3,2,3,微博 weibo.com,FfhNk0qtB,0
389,【阿坝州下达农村公路养护资金2237万元】#市州动态#日前，阿坝州财政下达2017年农村公路养护资金2237万元，对全州409公里道路进行公路养护。其中：县道21公里，乡道30公里，村道358公里。此项补助资金按照县道0.7万元/年公里、乡道0.35万元/年公里、村道0.1万元/年公里进行补助，同时要求各县要 ????...展开全文c,8月2日 17:30,转发,评论,5,微博 weibo.com,FffDnbU8l,0
390,【暖心！乐山5路公交车开通“菜农专车”】#交通民生#菜农坐公交早班车进城卖菜，其他乘客又嫌菜农的背篼占地方，如何解决？近日，乐山市公交总公司相关负责人现场进行调研后，决定于8月1日起开通菜农专用加班车，这趟加班车提前发车，每天早上6：50从“关庙乡”公交站出发，专门载菜农进城卖菜。,8月2日 17:12,1,8,13,360安全浏览器,Fffw905DB,0
391,【雪山梁隧道10月试行通车长7.98公里】#交通动态#松潘雪山梁隧道将在今年10份达到通车试运行条件。项目路线全长17.5公里，其中隧道达到7.98公里，是目前阿坝州州最长的隧道，采用二级公路技术标准设计施工，设计车速每小时60公里。通车后，比原线路将缩短23公里，方便了旅游车辆和过往群众通行。,8月2日 15:50,3,评论,4,360安全浏览器,FfeZ10Yzf,0
392,【这些战士，用热血凿出一条进藏路】#交通分享#二郎山是内地通往青藏高原的第一道天堑。1950年，中国人民解放军十八军官兵登山筑路。他们身着薄棉衣，身上捆着绳子吊在半山腰，一人扶钢钎，一人挥铁锤，三个月打通二郎山，四年修通川藏线，4963名战士为此长眠高山。致敬！L央视新闻的秒拍视频,8月2日 13:30,9,2,17,微博 weibo.com,Ffe3XkMO7,0
393,【旺苍县白燕路（卢家坝至麻英）公路改建工程进展顺利】#市州动态#目前该工程已全面完成路基施工，正进行路面混凝土铺装，累计完成投资1100万元、占计划投资的46%。白燕路（卢家坝至麻英）公路工程起于白水镇卢家坝，途经观音桥、龙珠、小岩、水峰、旗杆，止于麻英乡，全长13公里。该项目拟建成 ????...展开全文c,8月2日 11:30,1,1,3,微博 weibo.com,FfdhfoDpF,0
394,【巴万高速杨柏隧道主洞开挖150米】#交通动态#杨柏隧道进口位于通江县杨柏乡鹿溪沟村，出口位于通江县广纳镇碑垭湾村，隧道左线长2843米，右线长2821米，是巴万高速第一个开工建设的重点控制性工程，自今年4月开工以来，施工方撸起袖子加油干，全力推进施工进度。目前，杨柏隧道进口左洞开挖101 ????...展开全文c,8月2日 09:30,5,1,6,微博 weibo.com,Ffcuxwjt7,0
395,#四川早安#我愿能朝着太阳生长，做一个温暖的人，不卑不亢，清澈生活。早安! ????,8月2日 08:30,2,3,2,微博 weibo.com,Ffc6bvzUC,0
396,【长大后，我就成了你】#四川晚安#当年看见空降兵用血肉模糊的双手，扒开废墟挖出同学的四川小男孩，如今已成为空降兵连黄继光班副班长！活成了偶像的样子，真好！（央视）L一段特殊的当兵故事：长大后，我就成了你！ ????,8月1日 23:00,3,1,6,微博 weibo.com,Ff8mP7Gk5,0
397,【《中国高速公路建设实录》即将出版】#交通动态#历经3年多的努力，《实录》综合卷及《中国高速公路发展全舆图》《中国高速公路建设实录U阅通》《中国公路峡谷大桥》等已编撰完成，多数省（区、市）的地方分卷也基本编撰完成。其中，综合卷共5篇12章83节，130余万字。,8月1日 17:44,转发,评论,1,360安全浏览器,Ff6iNDzf0,0
398,【广元将在810超市 布20个IC卡代充点】#交通民生#8月底，广元市将新购22台电动公交车补充城市公交运力，届时18路公交车车辆或增加到8至10辆。同时，市公交公司公司与810超市洽谈了公交IC卡代充业务，计划布点20个，目前首批10个点已经与超市签订了协议，采购了设备，预计8月能提供代充服务。,8月1日 15:55,2,评论,3,360安全浏览器,Ff5Aqlvkx,0
399,【8月起成都市交委落实错时延时 双流机场7×24小时执法】#市州#为全面落实“错时工作、延时服务”试点改革，提高服务和监管效率，根据城市交通运输管理工作性质和特点，8月1日起，成都市交委将实施不定时工作制。届时，成都市交通运输行政执法总队和交通运输委员会道路运输管理处将根据工作实际实 ????...展开全文c,8月1日 14:12,3,1,1,360安全浏览器,Ff4UMA0Mn,0
400,【四川省人民政府同意设立四川交通技师学院】#交通要闻#省政府同意在四川交通运输职业学校的基础上设立四川交通技师学院。四川交通技师学院设立后，其行政隶属关系、办学管理体制、经费渠道等不变，教学指导工作由人力资源社会保障厅负责。 交通运输厅要加大对学院的政策扶持和资金投入力度，督促学院 ????...展开全文c,8月1日 14:11,1,7,2,360安全浏览器,Ff4UuhJ8t,0
401,【四川运管加强道路运输联网联控】#交通动态#为切实提升道路运输安全监管水平，近日，四川省交通运输厅运管局安排部署全省道路运输联网联控系统应用工作。根据要求，各级运管机构进一步清理道路运政系统数据，更新相关数据信息，为联网联控系统、电子运单管理、无车承运人运行提供准确完整的数据 ????...展开全文c,8月1日 09:30,6,评论,赞,微博 weibo.com,Ff342jueu,0
402,#四川早安#没错，你身上一定有能让你发光的东西，那是你自己的节奏，那是你与众不同的东西。那是你的路，你必须自己走，才能找到出口。—— 卢思浩 《愿有人陪你颠沛流离》 ????,8月1日 08:30,3,2,4,微博 weibo.com,Ff2FGkI95,0
403,【重庆网红轻轨二号线火了】#交通分享#重庆网红轻轨二号线。在穿过居民楼的时候，不知哪户人家的被子掉在轨道上，于是驾驶员停车开门，用棍撩撩被子……驾驶员：“莫慌，我来救你了！”被子：“我不要面子的啊！” L秒拍视频 ????,7月31日 17:35,3,1,12,360安全浏览器,FeWOrtxp9,0
404,【交通运输部：133个城市已公布网约车实施细则】#交通动态#网约车政策实施一周年来，各省市政策推进落实情况如何？截至7月26日，有24个省（区）发布了出租车改革实施意见，北京、上海、天津等133个城市公布了出租汽车改革落地实施细则，还有86个城市已经或正在公开征求意见。,7月31日 15:33,2,评论,赞,360安全浏览器,FeW1fFxyn,0
405,【半年铺设12000公里 四川全省贫困村99.8%道路硬化】#交通民生#今年上半年我省新增农村公路12000公里，完成年度目标的80%；建成渡改桥60座，完成年度目标的66.7%。同时，上半年全省交通精准扶贫完成投资272.7亿元，新增1000个贫困村通硬化路。16个脱贫摘帽县，已累计实现4558个建制村通硬化路， ????...展开全文c,7月31日 14:30,6,4,3,微博 weibo.com,FeVBjBCKE,0
406,【阿坝州运管处专项整治道路旅游客运】#市州动态#2017年7月18日至26日，阿坝州运管处安排茂县、松潘、九寨沟三县市运管所，联合各地交警部门开展了道路旅游客运市场经营秩序专项整治行动。通过9天的专项整治，茂县、松潘、九寨沟三县市共检查旅游营运车辆2166辆次(其中茂县1270辆，松潘458辆、九寨沟43 ????...展开全文c,7月31日 13:30,3,评论,1,微博 weibo.com,FeVcXFphK,0
407,【5条高速贯穿全境 西充打造川东北次级交通枢纽】#市州动态#西充的过境高速公路建设密集度在全省位居前列。目前有5条高速公路过境西充，总里程达119.8公里。除正在加紧建设的绵西高速公路， 过境西充的广南、成德南、南巴、遂西4条高速公路已经实现通车，并在西充境内建有枢纽互通4处、接地互通9处、服 ????...展开全文c,7月31日 11:30,10,2,5,微博 weibo.com,FeUqfnOJy,0
408,【上半年全国新建农村公路11.2万公里】#交通民生#近日，交通运输部召开例行新闻发布会晒出半年成绩单。其中，公路水路完成固定资产投资已完成全年目标的53.7%，全国新改建农村公路11.2万公里，完成年度目标的55.8%。上半年，贫困地区公路投资完成全年计划的50.1%，建制村通硬化路实现率也接近50% ????...展开全文c,7月31日 09:30,3,评论,3,微博 weibo.com,FeTDy4gcs,0
409,#早安#每天都给自己一句鼓励，每天都制定一个必须达到的目标，每天减少一些无谓的抱怨，生活就会充实一些，与梦想的距离也就更近一些。早安! ????,7月31日 08:30,1,2,4,微博 weibo.com,FeTfc7IWq,0
410,【四川华蓥扶贫公路高标准建设】#交通民生#3年来，四川省华蓥市把25个贫困村扶贫公路建设纳入交通建设的重要议事日程，全力构建农村综合交通体系。2016年，完成6个贫困村主干道路30公里黑化。今年，交通建设扶贫将完成投资6100余万元，新（改、扩）建农村公路58.7公里，实现19个拟退出贫困村通村硬 ????...展开全文c,7月28日 17:28,转发,评论,3,360安全浏览器,Feuu7FGy5,0
411,【总投资49亿 南充这三个交通项目快速推进】#市州动态#总投资49亿元，顺蓬营一级公路蓬安段、燕山大道、绕城北路三个交通项目快速推进 ，其PPP模式破解融资难题的经验做法在全省推广；平行推进项目前期审批，将审批时限由3年压缩到1年，备受各方关注。,7月28日 16:02,7,评论,赞,360安全浏览器,FetVlbHil,0
412,【成都新开259路公交车 8月1日至9月30日刷次卡免费】#交通民生#为解决成都龙祥佳苑片区居民公交出行问题，拟于2017年8月1日起新开259路公交线路。该线路自2017年8月1日至2017年9月30日期间实行两个月刷（次数）卡免费乘车。,7月28日 13:38,3,评论,3,360安全浏览器,FesYQ40fH,0
413,【高温下的高速路维队员:头顶烈日脚踩“火炉”巡逻】#交通分享#一副执勤马褂、外加头盔、一部对讲机是路维人员的标配。巡逻前，他们每人衣兜内装一盒藿香正气液，以便如果在巡逻途中中暑后及时服用。“若是情况较好时，还可在涵洞内乘凉。”徐道利说。但高速公路的涵洞被曝晒后，洞内温度仅比路面 ????...展开全文c,7月28日 11:26,3,2,4,360安全浏览器,Fes7fvnft,0
414,【四川农村公路新规：新改建村道宽度不少于4.5米】#交通要闻#7月27日举行的四川省十二届人大常委会第三十五次会议第二次全体会议上，表决通过了《四川省农村公路条例》。　7月27日举行的四川省十二届人大常委会第三十五次会议第二次全体会议上，表决通过了《四川省农村公路条例》。《条例》规定 ????...展开全文c,7月28日 09:30,11,12,8,微博 weibo.com,Ferm3cQF1,0
415,【雅康高速生态环境问题综合整治：每天60辆货车运弃渣】#交通动态#今年3月，省环境保护督察组进驻雅安开展环境保护督察，指出雅康高速公路项目C1、C11-14建设现场存在环境问题。目前河道内的违规弃渣已全部清运，剩余弃渣正在转运中，相关的生态修复也正在进行↓↓,7月28日 08:41,4,评论,2,360安全浏览器,Fer2ui7xK,0
416,#四川早安# 为了向别人、向世界证明自己，所以努力拼搏。而一旦你真的取得了成绩，才会明白：人无须向别人证明什么，只要你能超越自己!早安! ????,7月28日 08:30,3,2,2,微博 weibo.com,FeqXHAZH2,0
417,#四川晚安#疲惫的身体带着倦意慢慢入睡，愿你做一个好梦，梦中流星滑落让你愿望成真，晚安! ????,7月27日 23:00,转发,评论,3,微博 weibo.com,FenelceWo,0
418,【牟廷敏：在工程中磨练 向一名真正的“工程之师”进军】#交通人物#支撑“ 天梯”的腊八斤特大桥10 号桥墩高182.5 米，加上基座和桥面部分，整体高度达到207 米，成就了“世界第一高墩”的美名，让行人有了触摸天际的幻想；而著名的“双螺旋隧道”则连起海拔2500 米、总长1811 米的干海子特大桥 ????...展开全文c,7月27日 17:40,1,1,10,360安全浏览器,Fel8wldq4,0
419,,7月27日 16:32,1,评论,3,360安全浏览器,FekHbmvr9,-1
420,【“四好农村路”展播⑥剑阁县 | 昔日“泥泞路”变今朝“民心路”】#交通民生#目前，剑阁全县543个行政村已建成通村水泥路3791公里，今年又立项通村水泥路153个村565.2公里，其中涉及2017年精准脱贫村39个174.4公里。在全面推进“四好农村路”示范县创建工作方面，剑阁县坚持“五化”，实现农村公路建 ????...展开全文c,7月27日 15:59,1,评论,1,360安全浏览器,FektIzdBd,0
421,【2017年上半年全国交通运输经济运行稳中有进、稳中向好】#交通要闻#上半年，公路水路完成固定资产投资9673亿元，同比增长23.8%。其中，公路建设完成投资8976亿元，同比增长28.9%，高速公路、普通国省道、农村公路投资分别增长20.8%、26.0%和56.9%。水运建设完成投资562亿元，同比下降4.2%……↓,7月27日 14:19,3,评论,赞,360安全浏览器,FejORCUbu,0
422,【自贡：构建“大交通”理念下的互联互通新体系】#市州动态#自贡市树立“大交通”理念，高起点编制发展规划，编制完成《自贡市综合交通枢纽规划》。该《规划》突出了着力构建川渝滇黔重要综合交通枢纽，形成北接成都、东通重庆、南达贵昆、西连乐山，内畅外达、通江达海、功能配套、方便快捷的现 ????...展开全文c,7月27日 11:59,2,评论,2,360安全浏览器,FeiU6AxoY,0
423,【十三五末期我国高速公路主线将基本贯通】#交通要闻#截至2016年底，全国高速公路通车里程达到13.1万公里，任锦雄表示，到“十三五”末期，我国高速公路主线将基本贯通，交通运输部还将加快对年代较早、交通繁忙的路线进行扩容改造。到16年底，国家高速公路已经建成了9.9万公里，约占规划里程的7 ????...展开全文c,7月27日 09:30,5,评论,赞,微博 weibo.com,FehVyFWln,0
424,"#四川早安#【你，还要继续过“嘴上说说”的人生？】天天说要减肥,健身只坚持了3天；立志晋升学霸，却懒得看书做题；想学种新技能，发现精通好难也就作罢。美好的东西，总不会轻易获得。成长靠的从来不是豪言壮语，而是踏踏实实的努力。别再让信誓旦旦变成“说说而已”，真正去坚持一件事，时间看的见。",7月27日 08:30,4,3,2,微博 weibo.com,Fehxd1rGM,0
425,#四川晚安#我们总喜欢给自己找很多理由去解释自己的懦弱，总是自欺欺人的去相信那些美丽的谎言，总是去掩饰自己内心的恐惧，总是去逃避自己犯下的罪行。但事实总是，有一天，我们不得不坦然面对那些罪恶，给自己心灵予救赎。——卡勒德·胡赛尼 《追风筝的人》 晚安 ? ????,7月26日 23:00,1,评论,2,微博 weibo.com,FedNRfIcg,0
426,【“四好农村路”展播⑤岳池县 | “333”模式带来的新变化】#交通民生#近年来，该县坚持把改善农村交通条件作为首要民生任务之一，按照建设“四好农村路”标准要求，创新“333”工作模式，大力实施农村公路“提档升级、联网闭环”工程，全面打响交通建设大会战。三年来，县域路网不断完善，公路 ????...展开全文c,7月26日 17:25,转发,评论,1,360安全浏览器,FebBVcyEX,0
427,【川渝合力促进水运发展 长江航道宜宾至重庆段2020年“三升二”】#交通动态#近日，重庆市港航管理局和四川省交通运输厅航务管理局签署《推进两地水运安全绿色发展合作备忘录》，将围绕“共同推进长江、嘉陵江流域水运发展”，建立健全长效管理和战略合作机制，携手提升长江航道等级，共推长江上 ????...展开全文c,7月26日 15:35,4,3,赞,360安全浏览器,FeaTrEDHQ,0
428,【G347线阆中段改造完成 南充再添一条标准国道】#交通动态#经过近两年时间改造，国道347线阆中段改造工程基本竣工，面层沥青铺设完毕，已可以满足车辆通行。2015年10月开工的国道347线阆中段升级改造项目，是阆中东西走向的重要通道，也是全省“八大专项工程”之一，起于阆中市鹤峰乡、止于河楼 ????...展开全文c,7月26日 14:19,4,6,1,360安全浏览器,Feaop8ckt,0
429,【上半年我省国省道年度任务完成八成】#交通要闻#我省一批新建的国省干道项目也正在快速推进，作为省重点项目，连接甘孜州稻城和凉山州木里的国道227线，上月正式开工，目前路基工作已经推进10%。据了解，上半年我省新改建普通国省道达到了940公里，完成年度目标的80%；而下半年，全省将确保完成 ????...展开全文c,7月26日 11:28,2,评论,1,360安全浏览器,Fe9h3t90H,0
430,【地表温度140℃！修路工人#高温下的坚守#】#交通分享#永贺高速公路的施工工地上，几十名工人头顶烈日，在高温沥青路面上进行平整工作。因刚摊铺的沥青路面温度极高，接近140℃，为避免灼伤，他们必须在三伏天穿长裤作业，工作几分钟就已汗流浃背。向默默坚守岗位的劳动者致敬！,7月26日 09:43,2,4,12,360安全浏览器,Fe8As3cKO,0
431,【上半年我省开工高速公路项目投资超千亿】#交通要闻#今年上半年，我省公路水路交通建设呈现出高位有进的良好势头，投资额稳居全国前列。九绵高速，成安渝高速，新机场高速等一批工程正快速推进。上半年集中开工高速公路项目7个、684公里、总投资1046亿元，已提前完成全年目标；完成公路水路交通 ????...展开全文c,7月26日 09:30,6,评论,1,微博 weibo.com,Fe8v3v14T,0
432,#四川早安#有些时候，我们只是需要一个拥抱就够了LHappy张江的秒拍视频 ????,7月26日 08:30,3,3,4,微博 weibo.com,Fe86IasBU,0
433,#四川晚安#【长知识！为什么叫买东西，而不叫买南北？】“买东西”这个词经常出现在我们的生活中，但不管是东还是西，明明都是方位的称呼，连在一起却成了物品的代称。这是为什么呢？戳视频↓↓一起长知识！L人民日报的秒拍视频 ????,7月25日 23:00,1,评论,1,微博 weibo.com,Fe4nlt7ge,0
434,【遂宁：龙凤互通式立交工程获批】#市州动态#近日，遂宁市发改委批复了遂绵高速公路龙凤互通式立体交叉工程可研报告。该项目总投资20827万元，建设工期为24个月。遂绵高速范围内设计时速80公里/小时，双向4车道，路基宽24.5米，线路长约1.005公里；匝道设计时速每40公里/小时，A、C、和D采用单向单车道 ????...展开全文c,7月25日 18:36,转发,评论,2,360安全浏览器,Fe2EfvkiL,0
435,【泸州：合江长江公路大桥进入上部结构施工阶段】#市州动态#目前，位于北岸白米镇碾子塝村的桥梁下部工程和桥梁墩身浇筑已经结束；而在南岸这边，桥墩施工基本结束，锚碇浇筑正在进行，预计也将于近期结束，整个桥下工程已经完成95%。合江长江公路大桥全长1420米，项目总投资约4.88亿元，计划建 ????...展开全文c,7月25日 15:49,2,1,1,360安全浏览器,Fe1yreNJc,0
436,【旺宁公路 部分施工路段实行交通管制】#交通动态#管制时间为2017年7月20日至2017年9月30日。管制方式为：夜间禁行，管制期间每天实行夜间禁止通行(晚20：00—次日6：00);恶劣天气管制，若遇暴雨等恶劣天气，施工路段实行全线断道管制;施工临时管制，根据施工单位排危、爆破等工程施工实际需要， ????...展开全文c,7月25日 14:06,2,1,1,360安全浏览器,Fe0SE7rU5,0
437,【厅通报21个市（州）和65条高速公路政风行风“五大行动”6月考核排名】#交通要闻#为加强政风行风建设，提升交通运输水平，服务经济社会发展，19日，厅对21个市（州）交通运输部门和65条高速公路，6月份实施“五大行动”（出行服务改善、执法形象提升、农村公路惠民、交通运输便民、政务窗口提质 ????...展开全文c,7月25日 11:31,6,评论,赞,360安全浏览器,FdZRZdxzF,0
438,【战高温架桥筑路】#交通分享#7月24日，巴（中）陕（西）高速公路南江县元山大桥建设工地，工人们头顶烈日进行T梁吊装施工。最近，南江县连续出现高温天气，在巴陕高速公路施工现场，工人们冒着高温架桥梁、筑路面，全力推进工程进度。,7月25日 10:36,2,评论,2,360安全浏览器,FdZvsquBy,0
439,【“四好农村路”展播④郫都区 | 硬化路户户通 全域公交一元通】#交通民生#郫都区公路总里程达1223公里，其中农村公路达1092公里，占公路总里程90%，路网密度2.8公里/平方公里，实现对外交通快速化、农村公路网络化、公交服务一体化、运输管理智能化的总体目标。,7月25日 09:30,4,2,1,微博 weibo.com,FdZ4zg1tw,0
440,【厅运管局开展道路运输行业环境污染防治督导工作】#交通要闻#为认真贯彻落实中央、省和厅有关环境污染防治工作的决策部署，切实做好道路运输行业环境污染防治工作，厅运管局在全省道路运输行业开展环境污染防治督导工作。即日起至7月31日，厅运管局组成7个督导组，由局领导带队，深入各道路运输 ????...展开全文c,7月25日 09:15,1,评论,赞,微博 weibo.com,FdYYtjIjf,0
441,#四川早安# 每个人都有梦想，或大或小；每个人的心里，都藏着一个了不起的自己。只要你不颓废，不消极，一直悄悄酝酿着乐观，培养着豁达，坚持着善良，始终朝着梦想前行，永远在路上，就没有到达不了的远方。早安！ ????,7月25日 08:30,4,1,2,微博 weibo.com,FdYGd0miR,0
442,#四川晚安#旗袍、古琴、皮影、活字印刷……最美不过文化传承！(图/了不起的匠人） ????,7月24日 23:00,转发,评论,1,微博 weibo.com,FdUWQEBpc,0
443,【交通运输部与四川省举行工作座谈会 共同研究推进部省合作有关事项】#交通要闻#21日，交通运输部与四川省在成都举行工作座谈会，共同研究推进部省合作有关事项。交通运输部部长李小鹏，省委副书记、省长尹力出席会议并讲话↓↓,7月24日 21:13,3,评论,1,360安全浏览器,FdUfECobQ,0
444,【中俄运输合作分委会第二十一次会议在蓉召开】#交通要闻#21日，中俄总理定期会晤委员会运输合作分委会第二十一次会议在中国四川成都举行。会议由交通运输部部长李小鹏和俄罗斯联邦运输部部长索科洛夫共同主持，铁路、汽车运输和公路、民航、口岸、过境运输、海运河运等分委会6个工作组分别进行了工作 ????...展开全文c,7月24日 17:01,2,评论,2,360安全浏览器,FdSBiAUq3,0
445,【恩阳城区外环线（一期）有望年底通车】#市州动态#近日，位于恩阳城区外环线旱谷村——恩阳大道何家坝段的戏坪梁隧道左洞顺利贯通，标志着恩阳城区外环线（一期）工程向着年底建成通车迈出了坚实一步。恩阳外环线（一期）为省道302线的重要组成部分，是恩阳大道的控制性工程，项目共分两段，全 ????...展开全文c,7月24日 15:42,3,评论,1,360安全浏览器,FdS5hfs82,0
446,【铁山隧道至达州绕城公路实施交通管制】#交通动态#即日起至8月31日实施国道G542线K326+990（铁山隧道金窝端）至K336+370（达州绕城公路垃圾处理厂A、B匝道）路段（全长10公里）改造施工工程。施工期间，国道G542线K326+990（铁山隧道金窝端）至K336+370（达州绕城公路垃圾处理厂A、B匝道）路段 ????...展开全文c,7月24日 14:30,2,1,赞,360安全浏览器,FdRC51WyF,0
447,【成都绕城高速成安渝跨越处恢复交通】#交通动态#为实现成都绕城高速和成安渝高速接驳转换，在两条高速相交处，专门设置了成安渝高速成洛互通立交，这是剩余路段的难点工程。为确保施工安全，成洛互通主线施工期间，绕城主道1公里道路通过疏解道通行。目前成都绕城高速主道交通恢复正常，成洛互 ????...展开全文c,7月24日 11:35,2,4,3,360安全浏览器,FdQsS6tuK,0
448,【“四好农村路”展播③大邑县 | 打造“美丽公路”助推乡村游】#交通民生#大邑县农村公路总里程1926.587公里，占比99%。其中县道221.635公里，乡道626.842公里，专用道25.977公里，及村、组道1052.133公里，桥梁374座，全县农村公路路网密度达1.45公里/平方公里。,7月24日 09:49,1,评论,1,360安全浏览器,FdPM11Gz4,0
449,【厉害了！悬挂式列车 你想去试试吗？】#媒体聚焦#日前，我国最高速的悬挂式单轨列车下线，进入型式试验和试运行阶段。列车设计时速80公里，最高运行时速为70公里，载客量300-510余人。悬挂式单轨列车又称空轨或空中列车，是一种轻型、低成本的新型公共交通方式。 网友：人在里面也是倒挂着吗？,7月24日 09:30,5,4,2,微博 weibo.com,FdPE4r6tU,0
450,#四川早安#【太暖！公交司机帮助残疾老人，老人报之以桃】近日，济南4路的公交车司机庞素英连续三天在公交站台帮助一位残疾老人，老人以卖桃为生。第三天的时候，老人包了一袋桃子要送给她，说是自己的心意，庞素英十分感动。细小的举动，感动了很多人L微辣Video的秒拍视频,7月24日 08:30,1,4,20,微博 weibo.com,FdPfIuXAK,0
451,【7月24、25日 G93泸渝高速公路榕山至佛荫段交通管制】#交通动态#为保障G93泸渝高速公路桥梁检修工作顺利开展，7月24日、25日23:30～06:00期间将对G93泸渝高速公路K524+546～K545+900（榕山收费站至佛荫收费站）实施临时交通管制。管制期间，管制路段内禁止所有车辆通行（交通管制期间，G93泸渝高速公 ????...展开全文c,7月21日 17:12,1,1,1,360安全浏览器,Fdqopx0Yb,0
452,【今日起 G85渝昆高速这两段路要实行交通管制】#交通动态#为提高G85渝昆高速（宜水方向）沥青路面的平整性，决定从21日起对G85渝昆高速（宜水方向）沥青路面进行预防性养护。本工程对G85渝昆高速宜水向K278+600- K281+500路段和K282+850-285+900路段实施全封闭施工、水宜向双向通行的交管方式。具体交 ????...展开全文c,7月21日 15:29,2,评论,1,360安全浏览器,FdpIFim2C,0
453,【揭秘雅康高速 工程施工有“五个极其”鲜明特点】#交通动态#雅康高速起于雅安雨城区，西经天全、泸定，止于康定，处于四川盆地向青藏高原的过渡段内，全长约135公里。该地区海拔快速爬升，地形狭窄陡峻，具有工程施工极其困难、地形条件极其复杂、地质条件极其复杂、气候条件极其恶劣、生态环境极其脆 ????...展开全文c,7月21日 11:31,2,1,7,360安全浏览器,Fdo9NqZPL,0
454,【“四好农村路”展播②犍为县 | 织好“农村公路四张网”】#交通民生#近年来，犍为县以“创全国一流交通、建人民满意交通”为目标，高标求进，把“四好农村路”建设作为促进县域经济发展、推动脱贫攻坚、解决服务群众“最后一公里”的基础性、先导性工程，大胆探索、创新实践，全面实现农村公路建、管 ????...展开全文c,7月21日 10:03,2,1,2,360安全浏览器,FdnA1aS7P,0
455,,7月21日 09:54,转发,评论,赞,360安全浏览器,FdnwjzGG4,-1
456,【叙永县马岭镇：打通贫困群众家门口的路】#交通民生#近日，叙永县马岭镇党委书记罗涛率政府相关职能部门负责人深入脱贫村盘田村检查贫困户入户路、社道断头路、村道加宽、异地扶贫搬迁小集中安置点配套路等工程进展情况，力争年底前实现路网全面升级，群众出行更方便、更快捷、更安全。 ????,7月21日 09:30,2,1,4,微博 weibo.com,FdnmAe3Sg,0
457,#四川早安#一张被广泛流传的照片《Circle of Leaf》，用叶子来诠释生命的循环，从诞生到死亡，直至腐烂，人生如是。珍惜每一天。早安！ ???? ????,7月21日 08:30,4,5,8,微博 weibo.com,FdmYdzB2I,0
458,#四川晚安#不必讨好所有的人，正如不必铭记所有的昨天。时光如雨，我们都是雨中行走的人，找到属于自己的伞，建造小天地，朝前走，一直走到风停雨住，美好晴天。 ?? ????,7月20日 23:00,4,评论,4,微博 weibo.com,FdjeRydaX,0
459,【“四好农村路”展播①顺庆区 | 蜿蜒在田园间的致富“彩带”】#交通民生#顺庆区现有公路总里程1492公里，其中高速公路2条30公里，国道212线1条18公里，县乡道22条238公里，村道1206公里，通乡公路硬化率达100%，建制村通硬化路率达100%。2016年，顺庆区 “四好农村路”建设完成芦溪至永丰等5条 ????...展开全文c,7月20日 17:27,转发,评论,赞,360安全浏览器,Fdh43xaMd,0
460,【2017年广元将实施12个渡改桥项目】#交通民生#今年广元将实施渡改桥项目共12个，其中渡改公路桥5座，渡改人行桥7座。截至目前，渡改公路桥完工1座，在建4座；渡改人行桥完工2座，1座在建，4座正在开展前期工作，即将开工建设。今年我市共建设7座渡改人行桥。其中剑阁2座，青川3座，朝天1座，昭 ????...展开全文c,7月20日 15:52,转发,评论,赞,360安全浏览器,Fdgrut3Uq,0
461,【6月全省高速公路服务质量评价结果出炉，排名前三位的是……】#交通要闻#6月，全省7个高速公路交通执法支队、南充市公路路政管理支队及成都市交通运输行政执法总队共开展270次日常巡查，对全省64个高速公路项目运营服务质量进行了日常评价，评价结果显示全省高速公路服务整体情况良好。评价共发 ????...展开全文c,7月20日 14:22,1,1,1,360安全浏览器,FdfQHy5wn,0
462,【每一条美丽的公路背后，都有这样一群身影......】#交通科普#截至2016年末，全国公路养护里程达459万公里。建设美丽公路，离不开呵护路面的一大批“神医”——他们不是身穿白大褂、头戴天使帽的医护人员，而是一批批新技术、新设备、新工艺以及那些常年在公路管养一线、身穿橙色制服的公路人↓,7月20日 13:03,7,2,4,360安全浏览器,FdfkLbAMD,0
463,【从理塘到亚丁，绿色生态公路成为高原上的一道风景线】#醉美蜀道#7月中旬，成都市民肖健开车去稻城，特意在朋友圈晒理亚路：宽阔平整的黑油路面蜿蜒向前，路边是盛开的鲜花、枝叶繁盛的彩林、高高的白塔，成群结队的牦牛悠闲地跨过道路……理亚路位于海拔3000米以上的川西高原，是省道216、217线 ????...展开全文c,7月20日 10:18,12,12,14,360安全浏览器,FdefI989n,0
464,【我国将提升公路交通旅游功能】#交通要闻#近日，交通运输部联合国家旅游局等6家单位发布关于促进交通运输与旅游融合发展的若干意见，目标到2020年，基本建成结构合理、功能完善、特色突出、服务优良的旅游交通运输体系。意见提出，推动高速公路服务区向交通、生态、旅游、消费等复合功能型服务 ????...展开全文c,7月20日 09:30,5,4,1,微博 weibo.com,FddW5jl4w,0
465,#四川早安#好的生活方式，是和一群志同道合的人，一起奔跑在理想的路上！回头有一路的故事，低头有坚定的脚步，抬头有清晰的远方。 ?早安 ????,7月20日 08:30,6,2,2,微博 weibo.com,FddxJnidd,0
466,【宜宾将建公交充电站 首批“纯电”公交即将购置】#市州动态#宜宾首批公交车充电桩将建于临港经济开发区白沙湾综合服务中心，首批计划建设充电桩24组，充电车位47个，目前项目已开始动工。同时，宜宾首批50辆“纯电动”公交车购置已进入相关程序。到2018年，公交公司共计将更换“纯电动”公交车3 ????...展开全文c,7月19日 17:34,1,评论,赞,360安全浏览器,Fd7GoyAyg,0
467,【给成都交通运输服务提建议 即日起可报名当乘客代表】#交通民生#@成都交通运输 拟于近期召开改进提升成都交通运输服务质量座谈会，广泛听取乘客代表、专家学者、行风监督员对地铁票价优惠措施、公交线网优化调整、出租汽车运营管理等方面的意见和建议。本次座谈会拟设参加人30名，其中，常规公交 ????...展开全文c,7月19日 15:46,2,1,2,360安全浏览器,Fd6Yjf0p8,0
468,【内江首座电动汽车快速充电站安家成自泸高速公路威远服务区】#交通动态#成自泸高速公路威远服务区电动汽车充电站位于成自泸高速公路141公里处，该电动汽车充电站投入使用后，将补充成自泸高速公路威远服务区的配套服务功能，为使用电动汽车的群众出行提供便利。目前整体建设工作已经基本完成， ????...展开全文c,7月19日 14:15,2,1,2,360安全浏览器,Fd6nt6Pol,0
469,【成都绕城高速成彭收费站20日零时起关闭】#交通动态#为推动成彭高速公路扩容改造工程实施，绕城高速成彭收费站将于2017年7月20日零时正式关闭。原经由成彭收费站下道的车辆请从就近的成灌收费站和北新收费站下道，同时绕城高速新增的成灌收费站B2和北新收费站D2出口匝道将于2017年7月20日零时同 ????...展开全文c,7月19日 11:53,1,2,赞,360安全浏览器,Fd5rYzYlD,0
470,【厅运管局切实整改省级环保督察发现的道路运输领域存在的环保问题】#交通要闻#一是全省各级道路运输管理机构对标问题，逐项认真抓好整改落实，全面系统梳理、排查、整改辖区内道路运输行业环境保护工作中存在的问题和不足；二是针对存在的问题，认真研究，制定解决问题的整改方案和措施，明确整 ????...展开全文c,7月19日 09:30,2,评论,1,微博 weibo.com,Fd4vA9oZj,0
471,拒绝套路！啥都能问！关于四川环保你想问啥？,7月19日 08:58,转发,评论,33,360安全浏览器,Fd4iBxJOW,0
472,#四川早安#滴水穿石不是水的力量，而是贵在坚持！简单的事重复做，重复的事情认真做！任何的收获不是巧合，而是每天的努力与坚持得来的。 人生因有梦想，而充满动力。 早安，各位~ ??? ????,7月19日 08:30,转发,2,4,微博 weibo.com,Fd47exLXf,0
473,【当你在荒废时间，有多少人在拼命】#四川晚安#总有人在你刷微博时，苦练口语；总有人在你打游戏时，坚持阅读；总有人在你熟睡时，回想得失，总结不足。那些比你走得远的人，并不一定比你聪慧，只是每天多走了一点。不要抱怨成功的总是别人，那些风光背后是别人咬着牙的坚持。晚安 ????,7月18日 23:00,1,1,5,微博 weibo.com,Fd0nSag3Q,0
474,【成都天府新区创新开行T321路公交线路】#市州动态#为进一步提升天府新区城市形象，保障新区群众交通出行，加快新区美丽中国典范城市建设，2017年7月14日，成都天府新区规划建设局组织开行“七彩籍田”T321路公交线路，起讫点为籍田客运站至天府大道口站，票价收费为一元。该线路为沿线首条公交 ????...展开全文c,7月18日 17:30,1,评论,1,微博 weibo.com,FcYdVj2KE,0
475,【四川汶马高速桃坪互通匝道桥梁下部全部完成】#交通动态#目前，四川省汶川至马尔康高速公路桃坪互通匝道桥梁下部已全部完成。汶马高速公路全长178公里，海拔高差近2000米，穿越多条地震断裂带，全线121座桥梁、33座隧道。目前，桥梁施工已完成50%、隧道完成40%，预计2020年建成通车。该项目是四川 ????...展开全文c,7月18日 15:30,4,3,7,360安全浏览器,FcXrg7VN5,0
476,【泸州：3座公铁两用过江通道调整为公路过江通道】#市州动态#国家发展改革委同意将泸州市已列入《长江经济带综合立体交通走廊规划（2014-2020年）》中的安富第一、合江新城、榕山等3座公铁两用过江通道调整为公路过江通道，标志着当前泸州市长江经济带综合立体交通走廊建设项目前期工作取得重大 ????...展开全文c,7月18日 13:03,转发,评论,1,360安全浏览器,FcWtKAerk,0
477,【李小鹏：深入学习贯彻习近平总书记重要讲话精神 扎实打好深度贫困地区交通脱贫攻坚硬仗】#交通民生#7月17日，交通运输部扶贫开发和农村公路工作领导小组召开2017年第2次会议，深入学习贯彻习近平总书记在深度贫困地区脱贫攻坚座谈会上的重要讲话精神，总结上半年工作，研究部署近期和下半年重 ????...展开全文c,7月18日 11:30,转发,评论,赞,微博 weibo.com,FcVRNdSkm,0
478,【四川省高速公路ETC用户突破240万】#媒体聚焦#ETC客服网点2107个，专用车道1063条，用户突破240万……这一连串的数字，就是四川交通向群众交上的一份厚实答卷。这不是简单的数字堆砌，而是四川交通坚持发展、砥砺奋进、顽强拼搏的“影像”，其背后彰显着四川交通的担当，凝聚着四川交通的作为，蕴含着 ????...展开全文c,7月18日 09:30,5,4,2,微博 weibo.com,FcV55Emvz,0
479,#四川早安#陶醉于清晨微微的清风，让自然的味道扑向你的心扉，用心感受，你会发现：希望在向你招手，梦想在向你奔跑，幸福在向你靠拢。早安[阳光] ????,7月18日 08:41,1,1,1,360安全浏览器,FcULfdWYX,0
480,#四川晚安#努力的意义是什么？是为了看到更大的世界，是为了可以有自由选择人生的机会。晚安。 ????,7月17日 23:00,2,评论,1,微博 weibo.com,FcQXngPzd,0
481,【乐山：岷江四桥主桥贯通，绕城高速预计年内通车】#市州动态#16日凌晨，伴随着最后一方混凝土的浇筑，乐自高速公路乐山城区连接线项目控制性工程——岷江四桥主桥双幅顺利合龙。至此项目主桥双幅实现贯通，整个绕城高速预计年内通车。岷江四桥主桥双幅合龙，标志着绕城项目进展取得了重要性突破，为项 ????...展开全文c,7月17日 17:30,1,评论,赞,微博 weibo.com,FcONqu3Ct,0
482,【2017年1-6月 全省公路客货运输生产平稳】#交通动态#2017年6月，全省完成公路客运量0.7017亿人、公路旅客周转量38.7193亿人公里；完成公路货运量1.2737亿吨、公路货物周转量135.7818吨公里。2017年1-5月，全省累计完成公路客运量5.1627亿人、公路旅客周转量286.0467亿人公里；累计完成公路货运量7.131 ????...展开全文c,7月17日 15:30,2,评论,赞,微博 weibo.com,FcO0IwPbd,0
483,【7月17日起 在泸州坐公交可以刷手机】#市州动态#从7月17日起，移动手机用户在泸州及全国开通一卡通互联互通功能的城市可用手机刷卡坐公交了。市民只需拥有一部带NFC功能的安卓系统手机，在移动指定的28个营业厅更换或办理一张带有NFC功能的移动手机卡，下载中国移动“和包”客户端，在客户端首页右下 ????...展开全文c,7月17日 13:30,2,2,1,微博 weibo.com,FcNe0izaY,0
484,【成都地铁5号线高架段首座连续梁合龙】#市州动态#7月16日，成都地铁5号线柏水场站——廖家湾站高架区间跨兴贸大道悬浇梁顺利完成中跨合龙，这是5号线一二期工程高架段首座合龙的连续梁。截至目前，5号线一二期工程全线23个车站已主体封顶，盾构掘进开挖累计完成29039米，占总量的一半左右。该线路预计 ????...展开全文c,7月17日 11:30,2,评论,4,微博 weibo.com,FcMrj0BuK,0
485,【交通运输多项建设改造便利老年人出行】#交通民生#日前，国务院办公厅印发了《关于制定和实施老年人照顾服务项目的意见》，明确了20项老年人照顾服务重点任务。在交通出行方面，《意见》明确，支持城市公共交通为老年人提供优惠和便利，鼓励铁路、公路、民航等公共交通工具为老年人提供便利服务；有条 ????...展开全文c,7月17日 09:30,4,评论,1,微博 weibo.com,FcLEB4LCS,0
486,#四川早安#人需要改变的，并不是环境，而是自己的内心，生活如波浪，有波谷，也有波峰。在高峰的时候，且慢高歌。在波谷的时候，不必落泪。一浪翻一浪，一波过一波，便是人生的彼岸，早安 ????,7月17日 08:31,4,1,2,360安全浏览器,FcLgEvlfi,0
487,#四川晚安# 希望全世界的温柔都盖在你的身上，驱散你一天的疲惫，这样你就可以枕着轻柔的月光和一床的好梦安睡了。晚安 ????,7月14日 23:00,3,2,1,微博 weibo.com,FcoFSpG8S,0
488,【雅康高速大杠山隧道右线大里程隧道贯通】#交通动态#经过施工人员19个月的艰苦奋战，雅康高速大杠山隧道右线大里程隧道近日成功贯通。大杠山隧道右线出口贯通后，项目将把主要开挖力量投入到小里程方向，加快施工进度，减小履约风险。“大杠山隧道右线出口方向贯通后，能很大程度改善洞内通风情况。” ????...展开全文c,7月14日 17:30,2,1,3,微博 weibo.com,FcmvWds6X,0
489,【成灌高速新增“菁蓉立交” 郫都区新规划空间格局出炉】#交通动态#目前，郫都区正加速推动新一轮城市总体规划修编，备受关注的红光大道、犀浦综合交通枢纽以及菁蓉立交三大片区城市总体规划设计理念已经出炉。以拟建设的成灌高速菁蓉立交为中心，设计为“一心、一轴、两带、四片”的规划空间格局，即 ????...展开全文c,7月14日 15:30,1,1,4,微博 weibo.com,FclJeiOfv,0
490,【重磅！南充将建东、西、北3条城市轨道交通】#市州动态#今年，南充市将实施115个重大交通项目，计划完成投资145.3亿元。今年1至6月已完成投资73.3亿元，占年度目标的50.4%。轨道交通方面，南充市将开工建设南充市东、西、北3条城市轨道交通，形成市辖三区、南西蓬、南充火车北站与机场之间的无障碍快 ????...展开全文c,7月14日 13:32,6,3,4,360安全浏览器,FckXEaykA,0
491,【绵阳开展城区出租汽车不文明驾驶行为和违规经营行为联动整治】#市州动态#绵阳市将重点整治城区出租汽车拼客、不打表、拒载、欺行霸市等违法违规行为，及时纠正从业人员不文明驾驶行为，全力保障文明城市建设期间出租汽车行业不扣分、不掉队。对群众举报违法违规经营车辆，并经市运政稽查大队查证属实 ????...展开全文c,7月14日 11:12,4,3,1,360安全浏览器,Fck2J6Smy,0
492,途中“偶遇”正在建设中的雅康高速。好期待！建成后成都到康定大约只需4小时！这条安全快捷的进藏大通道预计2018年全线通车。 L秒拍视频,7月14日 10:44,5,12,13,iPhone 6s Plus,FcjRl8dR0,0
493,【中国首推“公路债” 终结政府贷款修路历史】#媒体聚焦#财政部、交通运输部12日联合发文，明确从2017年开始试点发行地方政府收费公路专项债券，这将是今后政府修建收费公路解决举债融资问题的唯一渠道。收费公路专项债券的发行主体为省级政府，债券纳入地方政府专项债券限额管理，债券收入、支出、还 ????...展开全文c,7月14日 09:14,4,评论,3,360安全浏览器,FcjgEq02P,0
494,#四川早安#我们眼前拥有的，才是真正应该珍惜的。远处是风景，近处的才是人生。愿你在自己存在的地方，成为一束光，照亮世界的一角。早安 ????,7月14日 08:30,转发,1,1,微博 weibo.com,FciYKeRuR,0
495,#政务V影响力峰会#“6.24”茂县特大山体滑坡灾害发生后，@四川交通 迅速反应，及时发布我省交通应急工作举措、应急动态、最新路况等信息，共发布相关稿件40余条，受到网友高度关注，阅读量超过72万人次。其中，前往灾区的救援人员在途中遇堵，@四川交通 发布微博呼吁公众让出生命通道，得到四川各政务 ????...展开全文c,7月13日 18:15,转发,评论,3,360安全浏览器,FcdnTeHRK,0
496,【南充加快嘉陵江航道综合整治 打造“黄金水道”】#市州动态# 整治后的嘉陵江通航等级将由过去的5级提升为4级，按照4级通航标准，嘉陵江通航标准将达到单船500吨级、船队千吨级。2020年后，嘉陵江通航标准将提升至3级， 把嘉陵江打造成更高等级的“黄金水道”。届时，单船千吨级、船队数千吨级将 ????...展开全文c,7月13日 17:40,1,评论,2,360安全浏览器,Fcd9LqjsK,0
497,【沿着南大梁交通大道 南充打造了一批美丽小镇】#市州动态# 近年来， 营山县全力支持营达、营仪阆高速公路建设，着力构建对外交通主动脉。目前，正在建设顺蓬营（营山段）一级公路，全面完成国省干线、县乡道路升级改造，构建高速公路与县乡道路互通转换体系，加快融入成渝两小时经济圈，并积极 ????...展开全文c,7月13日 16:32,转发,评论,1,360安全浏览器,FccIc1KEd,0
498,【9月26日前 开车去开江要注意】#市州动态#因位于开江境内的恩广高速公路天坪寨隧道整治施工。即日起，从达州到开江的客货车辆将实施交通管制通行，通过天坪寨隧道的车辆实行半幅通行。,7月13日 13:35,2,评论,赞,360安全浏览器,Fcby8qEtV,0
499,【华蓥山宝鼎旅游公路通车 美如云中画卷】#交通动态#华蓥山宝鼎旅游公路近日通车，游客乘车可直达宝鼎山门口。自上世纪90年代，宝鼎附近4个区市县先后建成通往宝鼎的公路60余公里。今年以来，华蓥市投资500余万元，修通了到宝鼎山顶的最后2.4公里水泥路。,7月13日 11:42,3,1,4,360安全浏览器,FcaOlkIBW,0
500,【“超级工程”不足以喻之！中国人修建的这条公路被誉为“疯狂工程”】#交通分享#喀喇昆仑山脉的37%被冰雪覆盖，却无法阻挡中国工程队凿山修路的步伐。喀喇昆仑公路因此成为“巴铁”眼中的世界奇迹，外媒口中的“疯狂工程”。经过30多年使用后，喀喇昆仑公路再次迎来中国修路工人…@参考消息??????...展开全文c,7月13日 09:30,2,评论,10,360安全浏览器,Fc9WJC7LE,0
501,【交通运输部将研究修订《中华人民共和国公路法》】#媒体聚焦#近日，交通运输部网站公开了部分两会意见建议办理结果，其中全国人大代表、西昌学院法学教授王明雯提出的关于修改《中华人民共和国公路法》的议案得到了交通运输部的答复。今年3月的全国两会上，王明雯代表建议，将公路监督检查车辆 ????...展开全文c,7月13日 09:30,4,评论,1,微博 weibo.com,Fc9WBlKOl,0
502,#四川早安#人生如书，读不尽。淡是本真；健康是资本；拼搏是动力；勤劳是钥匙；宽容是美德；豁达是心胸；沧桑是沉淀；善良是福报；懂得是缘分；心态最重要；若无闲事挂心头，便是人生好时节。燃一盏心灯，照亮生命的每一个角落，微笑，是最美的诗行。 ????早安 ????,7月13日 08:30,3,1,4,微博 weibo.com,Fc9yg1jac,0
503,#四川晚安#要在生活中的烦躁面前保有耐心。当一个人安静和放松下来时，才会发现所有的烦恼原来都可以自己解决。 ????,7月12日 23:00,转发,评论,4,微博 weibo.com,Fc5OTjtOR,0
504,【总投资约54.68亿 南充二绕项目正加快推进】#市州动态#今年，南充将实施115个重大交通项目，计划完成投资145.3亿元。今年1至6月，已完成投资73.3亿元，占年度目标的50.4%。目前，南充二绕前期工作正在加快推进。该项目起于顺庆区黄地坝，经嘉陵区双桂镇、世阳镇、龙岭镇、华兴乡、安福镇，止于川 ????...展开全文c,7月12日 17:51,1,1,3,360安全浏览器,Fc3NunmhX,0
505,【中国共享单车首入英国 曼城老外乐懵了】#交通分享#近日，中国共享单车正式登陆曼彻斯特。曼城人激动不已，立刻在社交网络上掀起一大波“炫车”浪潮。而在物价高涨的英国，中国共享单车这回给的价格十分优惠，30分钟内只需50便士。这也是许多英国人点赞的主要原因之一。O中国共享单车首入英国 曼城老外乐懵了,7月12日 16:14,4,1,4,360安全浏览器,Fc3ac3rRp,0
506,【乐山“挂图作战”重大交通项目实现“双过半”】#市州动态#今年乐山全力推进交通建设，力争完成交通建设投资200亿元，上半年已完成投资105亿元，占年度计划的52.5%。其中，“挂图作战”重大交通项目15个，计划完成投资146亿元，占年度交通投资总任务的73%。上半年，“挂图作战”重大交通项目完 ????...展开全文c,7月12日 16:01,转发,评论,赞,360安全浏览器,Fc34QddW0,0
507,"【广安更新或新增公交车及出租车全部使用新能源汽车】#市州动态#广安将在2020年前，推广应用新能源汽车1万辆，其中公交车500辆，出租车1000辆，公务用车、执法执勤车和专用车1000辆，社会车辆7500辆。自今年起,公共交通方面，全市更新或新增公交车及出租车，全部使用新能源汽车，不再使用燃油车.",7月12日 13:45,4,1,2,360安全浏览器,Fc2bFAREL,0
508,【自贡6条公交线路创建 “全国服务示范线”】#市州动态#自贡在已创建的9路、10路、16路、31路、61路五条公交示范线基础上，再将17路公交线创建为“全国服务示范线”。“全国服务示范线”从出车前、候客时、运行中、收车后各时段都制定了标准流程，要求驾驶员以全新的服务理念，全新的服务方式为 ????...展开全文c,7月12日 11:36,3,1,赞,360安全浏览器,Fc1ljiQjw,0
509,【牛！公交司机驾驶室放“无盖热茶水” 全程一滴不洒！】#媒体聚焦#江苏南京的公交司机顾勇，工作时习惯在驾驶室放杯无盖热茶水，一整趟车跑下来滴水不洒。他说，练这个绝活就是为了让自己开车不急躁，所以开了30年，安全零事故！网友：现实版“拓海”，师傅帅！L央视新闻的秒拍视频 via央视新闻,7月12日 09:48,1,1,17,360安全浏览器,Fc0DrkKGk,0
510,【盘点四川重大高速公路项目建设进度，有你关注的吗？】#交通动态#一条条“大动脉”，将各市州、各县城与进出川通道串联，在方便沿线群众出行的同时也让他们脱贫致富。上半年过去了，你关注的高速公路进展如何？交通君带你看↓↓ ????,7月12日 09:30,2,评论,赞,微博 weibo.com,Fc0w77QP4,0
511,【注意！成都5条公交线路走向临时调整】#市州动态#因成都地铁九号线施工打围，武青北路机九路口——武青南路武青东二路口实行由北向南单向通行，临时调整89、123、339、509、908路5条公交线路走向↓↓。为方便市民公交出行，今日起增设1100路“新园南一路南站”、121、304路“空港总部站”。 ? ????...展开全文c,7月12日 09:15,6,评论,赞,360安全浏览器,Fc0q4rMXO,0
512,#四川早安#一只超级爱犯困兔子小公举，遇到了一只和它一样容易困的软萌兔子，两只一见钟情后每天黏糊腻歪，敲可爱...又想骗我吸兔子？L英国报姐的秒拍视频 ????,7月12日 08:30,4,4,赞,微博 weibo.com,Fc07LaVFD,0
513,#四川晚安#大白凤头鹦鹉，简直是鸟界哈士奇...这怕不是个傻子吧，千万别让你家的鹦鹉太无聊，不然会憋出病来！L成都商报的秒拍视频 ????,7月11日 23:00,6,9,6,微博 weibo.com,FbWop5J2i,0
514,【乐夹大道连接线全线通车 千佛岩更近了】#市州动态#乐夹大道连接线为乐夹大道延伸段，位于夹江县漹城镇永胜村和在古村境内，是连通乐夹大道、千佛大道、青衣江三桥的重要通道。乐夹大道连接线通车后，市民就可以从青衣江三桥直达千佛岩，再也不用穿城而过，路程也缩短了。 ????,7月11日 17:30,1,2,3,360安全浏览器,FbUeCkrrh,0
515,辛苦了,7月11日 17:03,转发,评论,12,360安全浏览器,FbU3ycomZ,0
516,【什么！#四川在下雪#？！】#轻松一刻#最近，全国大部分地区都在高温的炙烤中，然而四川有些地方居然放飞自我，疯狂降温。近日，高尔寺山、达古冰山、康定木格措都下起了雪，让景区的游客感受冰箱一般的清凉！ ????via四川日报 ????,7月11日 16:07,3,4,4,360安全浏览器,FbTH19rF7,0
517,【巴中市开展公交出租汽车专项整治行动】#市州动态#对发生劣质服务的出租汽车将停班整顿，对驾驶员纳入记分管理，情节严重的，注销从业资格，并记入出租汽车驾驶员“黑名单”库，三年内不得在巴城从事出租汽车服务工作。此次整治行动分三个阶段：6月27日至7月10日为宣传发动阶段，7月11日至11月30 ????...展开全文c,7月11日 15:41,4,2,赞,360安全浏览器,FbTwnfQtM,0
518,【共享单车火了！正确骑车姿势你get到了吗？】#交通分享#随着共享单车的普及与户外骑车运动的日渐火热，骑行已然成了健康生活的新形式。骑自行车的好处有哪些？怎么骑才能更健康、更有效呢？骑自行车的正确姿势你get到了吗？戳图了解↓转发收藏！ ??via央视新闻 ????,7月11日 15:40,4,1,赞,360安全浏览器,FbTw0ynXv,0
519,【广元城区至明月峡、雪溪洞有直通车啦】#交通民生#该直通车从广元城区至明月峡景区的单程票价为12.5元/人，至雪溪洞景区的单程票价为13.5元/人，均系滚动发车。游客中途可在沙河镇、朝天城区上下车，广元城区乘车地点为市汽车客运站北门发车点（北门汽车站），返程可直接在景区乘坐该车辆。,7月11日 14:21,2,评论,1,360安全浏览器,FbSZSlaFn,0
520,【成都市兴业大道下穿成渝铁路立交工程建成通车】#市州动态#成都市兴业大道下穿成渝铁路立交工程位于新都区石板滩镇，于2016年5月开工建设，2017年7月建成通车。建成通车后，打通了兴业大道的“梗阻点”，解决了新都通往龙泉驿区、天府新区的交通瓶颈问题，对完善新都区域路网结构具有重要意义。,7月11日 11:54,3,评论,赞,360安全浏览器,FbS26zDnv,0
521,"【成都二环路高架桥下 美哭的绿色走廊】#交通分享#建成于2013的的成都二环路高架桥,全长28公里,是城市快速公交BRT，每天30万人次的搭乘，桥下是巨大高的桥墩，采用了一种攀附力强的植物“爬山虎”。不过几年时间，寓意盎然的“爬山虎”已经长满桥墩，让整个二环路拥有了与这座城市相吻合的文艺份。",7月11日 09:47,13,6,15,360安全浏览器,FbRcCohk0,0
522,【2017年上半年资阳市交通脱贫攻坚任务进展顺利】#市州动态#截至6月底，全市80个退出贫困村，已有75个贫困村实现了通硬化路，占总量的93.8%。全市已完成通村硬化路、通社公路共182.6公里，为目标任务的62.3%，为计划进度56公里的326%，其中通村硬化路完成15.9公里，通社公路完成166.7公里。,7月11日 09:30,3,1,2,微博 weibo.com,FbR5CfICQ,0
523,#四川早安#充满希望的旅途胜过终点的到达。——霍金 《果壳中的宇宙》 早安  ????,7月11日 08:30,2,评论,2,微博 weibo.com,FbQHfEVIU,0
524,#四川晚安#有些人，有些事，就像是光一样。即使你碰不到，但一直都在你身旁。晚安 ????,7月10日 23:00,3,2,4,微博 weibo.com,FbMXTC2MC,0
525,【攀枝花：交通基础设施重大项目建设稳步推进】#市州动态#今年前5个月，攀枝花多个交通基础设施重大项目建设稳步推进。其中，与四川高速公路建设开发总公司、四川铁路产业投资集团、凉山州和宜宾市正式签订了《G4216线屏山新市至金阳段、金阳至宁南段、宁南至攀枝花段高速公路投资建设框架协议》 ????...展开全文c,7月10日 18:06,1,评论,赞,360安全浏览器,FbL2M9uAi,0
526,【巴中市首个交通建设领域安全体验馆建成】#市州动态#该馆涵盖了安全防护用品展示、安全帽撞击、安全带使用、高空坠落、墙体倾覆、综合用电、隧道坍塌、灭火器演示体验等十余种施工场景，将施工中常见的危险源进行了实景模拟。通过“了解事故、体验事故”的方式，在视觉、听觉、触觉上让体验人员 ????...展开全文c,7月10日 15:24,2,评论,赞,360安全浏览器,FbJYQAnIa,0
527,【清凉出行 泸州将新增70台空调公交】#交通民生#本月内，泸州公交将一次性投入70台新能源空调公交车运营，用于更换公交29、25、238、246路及新开公交297路。截止目前，泸州城区各大组团、各片区都开行了空调公交车线路。接下来，主城区空调公交车将逐步实现全覆盖。,7月10日 14:04,2,评论,6,360安全浏览器,FbJsy1MmM,0
528,【内威荣高速荣县东入口9月底建成通车 到成都更近了】#交通动态#三标段起于旭阳镇连村公路，止于内威荣高速荣县东互通收费站广场，总长974.04米，路面宽为50米，双向六车道。该标段预计总投资1.2618亿元。从行政中心出发，通过内威荣高速荣县东入口去成都比乐自高速荣县南入口将缩短约7公里。,7月10日 12:02,4,1,赞,360安全浏览器,FbIF6jwQL,0
529,#交通分享#厉害了！雅西高速过山隧道，世界罕见的双螺旋设计 L秒拍视频 ????,7月10日 10:48,9,8,20,360安全浏览器,FbIb0w7fJ,0
530,【横跨川黔 泸州叙永水潦铺跨省大桥预计8月通车】#天府家政#位于赤水河、连接叙永县和贵州省毕节市七星关区生机镇的省际大桥——水潦铺大桥，预计将于今年8月正式通车。通车之后，将使两省交界城市之间的交通路网得到改善，并构建起赤水河流域1小时经济圈，为促进川黔两省革命老区的彝族同胞共同脱贫奔 ????...展开全文c,7月10日 09:30,5,1,2,微博 weibo.com,FbHF762LD,0
531,#四川早安# 人生中最艰难的两场考验：等待时机到来的耐心，和面对一切际遇的勇气。早安~！ ?? ????,7月10日 08:30,2,1,4,微博 weibo.com,FbHgLqCWl,0
532,【好消息！南充50辆纯电动公交车将在9月上路】#市州动态#今年9月，南充50辆纯电动公交车将上路行驶，目前，西山、西华路、马市铺3个公交换乘站内新建50个充电桩，将于7月上旬建成。充电桩建成后，充电两个小时，纯电动公交车可以跑300余公里。根据安排，这50个公交换乘站将于7月9日前全部建成。,7月7日 17:36,1,评论,赞,360安全浏览器,Fbiza91V4,0
533,【江坳口高速公路出口蜕变 宜宾县“后颈窝”变脸面】#市州动态#“今天路过宜宾县，看到该县江坳口高速公路出口焕然一新，让人眼前一亮。”正在江坳口进收费站的驾驶员王先生惊奇的说到。宜宾县于2017年4月13日开始正式施工建设宜宾县江坳口高速路口综合整治景观绿化工程，其中绿化工程投资约715万 ????...展开全文c,7月7日 15:34,3,评论,1,360安全浏览器,FbhLnrYjr,0
534,【7月10日起 G5012恩广高速达万段天坪寨隧道路段管制】#交通动态#G5012恩广高速公路达万段天坪寨隧道路面将进行黑化施工。7月10日至9月26日，有关部门对G5012恩广高速公路达万段天坪寨隧道路段（K32+750至K39+400）进行管制。施工期间，交通管制路段将采取半幅封闭施工，另半幅双向通行的交通管 ????...展开全文c,7月7日 14:24,3,评论,赞,360安全浏览器,FbhjjiwI7,0
535,@ 印度，#界线即是底线#！ ????,7月7日 13:50,1,1,10,360安全浏览器,Fbh5jqylO,0
536,【全国首个！成都出台意见鼓励新能源汽车分时租赁】#市州动态#成都市交委牵头起草的《成都市关于鼓励和规范新能源汽车分时租赁业发展的指导意见（征求意见稿）》在成都市交通运输委员会官方网站（O网页链接）发布，向社会公开征求意见，征求意见时间为7月6日至7月19日。@成都交通运输,7月7日 12:52,1,评论,赞,360安全浏览器,FbgHEkmxd,0
537,【旺苍完成交通建设目标任务实现“双过半”】#市州动态#今年1-6月，该县累计完成交通建设投资4.85亿元，占年度目标任务的55.75%，全县交通建设固定资产投资顺利实现时间任务“双过半”。截止目前，该县S303线旺苍县城至陕西宁强界公路改建工程完成投资2.27亿元；县乡公路建设完成投资2.477亿元； ????...展开全文c,7月7日 09:30,1,评论,1,微博 weibo.com,FbfnCxq9l,0
538,【巴中市S202线南江沙河镇减水店处塌方】#交通动态#7月6日23时30分左右，受连日大雨影响，S202线南江县沙河镇减水店处（K117+900-K117+935）山体塌方，塌方体长约35米，宽约9米，高约6米，双向阻断。现场投入机械设备4台、人员12人，全力清理塌方，目前已半幅抢通，单向通行，预计今日18：00全面 ????...展开全文c,7月7日 09:02,转发,评论,1,360安全浏览器,FbfcicANH,0
539,#四川早安#“没有比别人更厉害，就要比别人更努力，在未来，与更好的自己相遇。” ?大家早安 ????,7月7日 08:30,转发,2,5,微博 weibo.com,FbeZhd5cz,0
540,【北大留学生爆笑演讲：“君子和而不同”】#四川晚安# 7月5日，@北京大学 毕业典礼硕士生代表艾文上台发言。他在现场用流利的中文，风趣地讲述了3个在北大学习生活中的小故事，鼓励人与人之间应开放包容：多认识、多理解、多交友。现场爆笑不断 L一手video的秒拍视频,7月6日 23:00,1,1,2,微博 weibo.com,FbbfUx6Tr,0
541,"【还差100米 都京港嘉陵江大桥就合拢了！】#交通动态#该大桥采用BT模式投资建设，南起于嘉陵岸文峰大道翠湖西侧与惠民路平交，向北上跨文峰大道并设置文峰互通，以矮塔斜拉桥跨越嘉陵江，之后上跨都京港码头作业区，向北穿越朱凤山，止点与既有江东大道相接。全长3.4公里，主孔跨径240m, 双向六 ????...展开全文c",7月6日 17:31,1,2,1,360安全浏览器,Fb96wzBWy,0
542,【达州：省道S202线水印长滩至凤凰大桥南段实行交通管制】#交通动态#交通管制时间：2017年7月4日0时起至2017年11月30日0时止。交通管制区域：三里坪同安路水印长滩至凤凰大桥南段。交通管制措施：实行全封闭交通管制。绕行线路：经由此路段车辆（含班线客运车辆）请至七里街山水人家路口沿三里坪 ????...展开全文c,7月6日 15:54,转发,评论,1,360安全浏览器,Fb8tlmPOZ,0
543,【乐山集中开工115个项目 成乐高速扩容建设开工】#市州动态#在本次开工的基础设施类项目中，交通类项目是主要投向。高速出口乐山城区连接线工程、乐山大佛景区猫猫冲至大石桥景区道路、乐沙城际生态大道改造提升工程、成乐高速扩容等24个交通基础设施类项目开工，总投资96亿元。,7月6日 14:24,2,3,2,360安全浏览器,Fb7SwnKcH,0
544,"【北川要有高速了！ 九绵高速北川段已具备开工条件】#交通动态#下一步将根据施工要求做好水电等生活必备保障工作,确保工程顺利开工建设。建成后的九绵高速公路北川段,将彻底解决北川羌族自治县县内无高速的现状,构建起北川羌族自治县出入旅游景区的快速通道，使北川县彻底融入全省高速公路路网。 ????",7月6日 11:42,8,2,2,360安全浏览器,Fb6OQw4IA,0
545,书写新世纪海上丝绸之路新篇章--习近平总书记关心港口发展纪实 °题：书写新世纪海上丝绸之路新篇章 ????,7月6日 10:25,转发,评论,1,360安全浏览器,Fb6jy1QMm,0
546,#交通动态#G317线甘孜州德格县境内K944+480-950+200段，因持续强降雨，道路多处被洪水淹没，已中断交通，暂无法预计恢复通行时间。,7月6日 10:24,1,1,赞,360安全浏览器,Fb6jgAG66,0
547,【7月1日起，西攀高速盐边收费站实现半幅通车】#交通动态# 7月1日，盐边收费站调试成功，实现半幅通车，计划10月实现全幅通车。这意味着从西昌方向下高速、往昆明方向上高速可在盐边出口通行啦。目前，西攀高速攀枝花段互通从北到南依次是：挂榜、米易、垭口、新久、盐边、金江、鱼塘、总发、大 ????...展开全文c,7月6日 09:30,2,评论,2,微博 weibo.com,Fb5X7FTtb,0
548,#四川早安#贪安稳就没有自由，要自由就要历些危险。只有这两条路。——鲁迅 ????早安 ????,7月6日 08:30,转发,1,1,微博 weibo.com,Fb5yMlsGq,0
549,#四川晚安# 世界上的事情，最忌讳的就是个十全十美，你看那天上的月亮，一旦圆满了，马上就要亏厌；树上的果子，一旦熟透了，马上就要坠落。凡事总要稍留欠缺，才能持恒。 ——莫言《檀香刑》 ? ????,7月5日 23:00,6,4,3,微博 weibo.com,Fb1PpDTos,0
550,"【2017年6月全省高速公路网总体运行情况】#交通动态# 2017年6月，全省高速公路网整体运行平稳，路网总流量5074.85万辆次，环比下降3.47%。货车878.67万辆次,环比下降2.56%；客车4196.18万辆次，环比下降3.66%。其中：ETC车辆 1651.30万辆次（占客车通行量39.35%），环比下降3.72%。 截至2017年6 ????...展开全文c",7月5日 17:38,转发,评论,赞,360安全浏览器,FaZIXtFYI,0
551,【天府仁寿大道 计划今年9月建成通车】#交通动态#天府仁寿大道目前正在紧张施工，计划9月建成通车。已建成天府仁寿大道视高清水段7.6公里，投资13亿元；在建天府大道清水至三绕段，长4.9公里，投资6亿元，正在进行路面施工。,7月5日 16:23,1,1,2,360安全浏览器,FaZeBbHxo,0
552,【南充：蓬安首批新能源公交车上岗 年底将增至30辆】#交通民生#近日，蓬安县首批纯电动新能源公交车投入使用。此次投入运营的共13辆，此批次公交车行驶线路为蓬安河舒工业园区至龙角山停车场。为保障有效运行，沿途还安装了15个充电桩。到2017年底，全县投入营运的电动新能源公交车将增至30辆。,7月5日 14:01,1,评论,1,360安全浏览器,FaYiYFPgE,0
553,【7日至9日乐山开行茶博会旅游客运专线车】#交通动态#具体开行线路为高铁乐山站——茶博会会场，共投入8辆中型高一级35座客车，运行时间为7月7日至9日早上8：30至下午5：00，票价8元。上下车地点在乐山高铁站新客运中心站前广场、峨眉水晶广场，在上下车点设立有茶博会专用上车点标志牌。,7月5日 11:44,2,1,1,360安全浏览器,FaXphkueK,0
554,【四川加快川陕革命老区交通基础设施建设】#交通动态#四川省将加快普通国省干线公路升级改造，完善区域干线公路网络结构；实施通村通畅、农村公路改善提升和渡改桥等专项工程，扩大农村公路覆盖范围和通达深度；加快推进绵阳至九寨沟、巴陕高速公路南江至川陕界等在建高速公路项目建设；开工建设 ????...展开全文c,7月5日 09:30,2,1,4,微博 weibo.com,FaWwD9gmo,0
555,【都汶高速紫坪铺隧道和龙溪隧道 今日恢复正常通行】#交通动态#都汶高速紫坪铺隧道、龙溪隧道经过为期45天的整治，7月3日具备恢复通行能力，并已于7月3日0点恢复了双向试通行。7月4日-7月5日在双向行车的同时，进行后期的扫尾工程，7月5日全面恢复正常通行。,7月5日 08:48,3,评论,2,360安全浏览器,FaWfQtBzA,0
556,#四川早安#人生有两条路，一条需要用心走，叫做梦想；一条需要用脚走，叫做现实。 ????,7月5日 08:30,6,8,10,微博 weibo.com,FaW8htYDx,0
557,#四川晚安#狗狗们干坏事以后，应付主人质问的方法各有不同：有的直接放空、有的卖萌求饶…最后一只狗亮了！O网页链接 晚安！ ?? ????,7月4日 23:00,5,5,5,微博 weibo.com,FaSoV7cv1,0
558,【达州市汽车北站延期搬迁】#市州动态#达城汽车客运北站是达州缓堵保畅重点项目，对缓解通川北路和肖公庙一带交通拥堵具有重大意义。新汽车客运北站因污水管网处理、出口通道、手续等问题，导致无法按时搬迁，具体搬迁时间以市政府公告为准。 ????,7月4日 17:30,转发,1,2,360安全浏览器,FaQfkwkN1,0
559,"【省政府命名2016年“四好农村路”省级示范县 有你的家乡吗？】#交通动态#根据省政府办公厅《关于印发四川省创建“四好农村路”示范县评定办法的通知》，在县（市、区）自评、市（州）初审推荐的基础上，按照“好中选好,优中选优”的原则，经省交通运输厅严格考评并报请省政府审定同意，命名1 ????...展开全文c",7月4日 16:11,1,1,2,360安全浏览器,FaPJem1CI,0
560,【绵阳三台首座公路隧道来福隧道贯通】#市州动态#来福隧道位于三台县中涪路乐加乡来福村与百子村交界处，隧道长282米、宽9米、高5米，为单孔双向隧道，设计时速为40公里/时。中涪路全长45公里，起于三台县中新镇，止于紫河镇与射洪县涪西镇交界处，途经三台县乐加、景福、协和等镇乡。,7月4日 14:13,2,2,5,360安全浏览器,FaOXebyzK,0
561,【7月出行请注意！雅泸、丽攀等多条高速有施工情况！】#四川交通出行#7月出行注意啦！雅泸、丽攀、绵广等高速部分路段将施工占道，部分高速因施工将道路封闭，需绕行。为了大家能出行顺利，请在出行前查询路况信息，做好绕行准备，注意安全！,7月4日 11:41,7,评论,1,360安全浏览器,FaNXzFfJY,0
562,【成安渝高速主线贯通 年内实现全线通车】#市州动态#成安渝高速最后一段——绕城至二绕段已于日前贯通，标志着成安渝高速打破最后“瓶颈”，实现主线贯通，沿线交安设施安装已进入收尾。但需要说明的是，绕城至二绕段虽已贯通但尚未开放，待后续施工完成和交验合格后，再面向社会车辆开放。（华 ????...展开全文c,7月4日 10:11,3,8,1,360安全浏览器,FaNmS7cET,0
563,【G0511线德阳至都江堰高速公路（三绕北段）初步设计获批】#交通动态#项目主线起于德阳城区以北、黄许镇以南G5京昆高速公路德阳段（桩号K1716+777），对接在建的成都经济区环线高速公路德阳至简阳段，经旌阳、什邡、彭州、都江堰，与都江堰至汶川高速公路共线至都江堰玉堂镇南，对接在建的成都经 ????...展开全文c,7月4日 09:30,2,3,4,微博 weibo.com,FaN68ClbX,0
564,#四川早安#时间是最公平的资源，活一天就拥有24个小时，你浇灌在哪里，哪里就可能长出灿烂的花朵。你每周读一本书，十年就是520本，你就可以涉猎百家；你每天写500个字，十年就是180万字，你就可以著作等身。每天发呆，十年就成呆子；每天狂吃，十年就成胖子。专业无它，专注而已。早安！,7月4日 08:30,1,5,2,微博 weibo.com,FaMHMkGtr,0
565,#四川晚安#边牧的智商我是服的，但没想到练瑜伽也这么在行~晚安 L铲屎官和主子们的秒拍视频 ????,7月3日 23:00,6,3,14,微博 weibo.com,FaIYpELPR,0
566,【成南高速路桂花立交桥近期通车】#交通动态#成南高速公路桂花立交桥将于近期内恢复通车，为确保遂宁至成都方向的道路尽快通车，高速公路路维人员首次使用无人机航拍技术，查看被修复的大桥。恢复通车后，路维人员将继续在管辖路段范围内推广无人机航拍技术，保障成南高速公路的路产安全，以及过往车辆 ????...展开全文c,7月3日 17:12,2,2,1,360安全浏览器,FaGHfwHnF,0
567,【广元至平武高速举行开工动员仪式】#交通动态#广元至平武高速起于青川县骑马乡，途径板桥等11个乡镇，在绵阳市平武县境内则经高村、古城两个乡镇，最终止于平武县城南母家山，并与G8513绵（阳）九（寨沟）高速相连。该高速全长约91km，该高速采用双向四车道，设计速度为80km/h。,7月3日 15:28,2,1,3,360安全浏览器,FaG1djmSv,0
568,【隆纳高速方山站互通开通 城区到方山只需10分钟】#交通动态#方山互通及连接线工程建成后，不仅成为沟通主城区和江阳区方山镇的一条快速通道，还实现了泸州主城区与方山风景区景点的快速衔接。方山互通收费站共有11个车道，其中有两个ETC车道，目前共有4个车道可以通车，实现“双上双下”。,7月3日 13:58,2,2,1,360安全浏览器,FaFqDnd7X,0
569,【绝壁行走，山西有这样一条神奇的天路】#交通分享#虹梯关挂壁公路位于山西省长治市平顺县，修建于1968年。当年，平顺县芣兰岩乡全乡800名村民，在条件艰苦的太行山上，用最原始的铁锤、钢钎等工具，历时6年，打通了这条神奇的公路。戳图↓↓，看这条依山而修的公路有多陡峭惊险。,7月3日 11:28,3,2,5,360安全浏览器,FaErB2n3u,0
570,【成都：强化高快速路网建设促进区域一体化发展】#市州动态#成都将不断优化市域高快速路网规划，到2022年形成“五环三绕”高快速路网格局，总里程达到2700公里，构建“东进”区域“5纵14横”高快速路网体系，形成市域1小时交通圈、成都平原经济区2小时交通圈。,7月3日 09:30,2,1,2,微博 weibo.com,FaDFDrdRq,0
571,【去走难走的路，才能看到更美风景】#四川早安#清华大学本科生毕业典礼上一毕业生代表致辞：大牛之所以是大牛，靠的是反复琢磨的“慢功夫”。看到那些天资远胜过我的同学仍在通宵达旦，我不敢做一蹴而就的美梦。离开校园后，我会选择最难走的路，自迩而远，自卑而高。L人民日报的秒拍视频 ????,7月3日 08:30,3,2,4,微博 weibo.com,FaDhi99no,0
572,【攀西高速突发暴雨泥石流 总发站至金江站封闭】#交通动态#7月2日20时许G5京昆高速攀西段突发暴雨，团堡山隧道(2448km+800m)成都方向隧道口突发泥石流，不具备通行条件，现总发站(2464km)至金江站(2442km)路段已实行临时交通管制。,7月2日 21:28,1,评论,4,360安全浏览器,FayWWafdi,0
